START TIME: Wed May  6 11:19:14 AM CEST 2026
Running with TP=4, PP=1
Data parallel size = 4
0: [default0]:/usr/local/lib/python3.12/dist-packages/torch/library.py:357: UserWarning: Warning only once for all operators,  other operators may also be overridden.
0: [default0]:  Overriding a previously registered kernel for the same operator and the same dispatch key
0: [default0]:  operator: flash_attn::_flash_attn_backward(Tensor dout, Tensor q, Tensor k, Tensor v, Tensor out, Tensor softmax_lse, Tensor(a6!)? dq, Tensor(a7!)? dk, Tensor(a8!)? dv, float dropout_p, float softmax_scale, bool causal, SymInt window_size_left, SymInt window_size_right, float softcap, Tensor? alibi_slopes, bool deterministic, Tensor? rng_state=None) -> Tensor
0: [default0]:    registered at /usr/local/lib/python3.12/dist-packages/torch/_library/custom_ops.py:926
0: [default0]:  dispatch key: ADInplaceOrView
0: [default0]:  previous kernel: no debug info
0: [default0]:       new kernel: registered at /usr/local/lib/python3.12/dist-packages/torch/_library/custom_ops.py:926 (Triggered internally at /opt/pytorch/pytorch/aten/src/ATen/core/dispatch/Op
0: eratorEntry.cpp:208.)
0: [default0]:  self.m.impl(
1: [default1]:Warning: The cache directory for DeepSpeed Triton autotune, /users/course_00306/.triton/autotune, appears to be on an NFS system. While this is generally acceptable, if you experience slowdowns or hanging when DeepSpeed exits, it is recommended to set the TRITON_CACHE_DIR environment variable to a non-NFS path.
1: [default3]:Warning: The cache directory for DeepSpeed Triton autotune, /users/course_00306/.triton/autotune, appears to be on an NFS system. While this is generally acceptable, if you experience slowdowns or hanging when DeepSpeed exits, it is recommended to set the TRITON_CACHE_DIR environment variable to a non-NFS path.
1: [default0]:Warning: The cache directory for DeepSpeed Triton autotune, /users/course_00306/.triton/autotune, appears to be on an NFS system. While this is generally acceptable, if you experience slowdowns or hanging when DeepSpeed exits, it is recommended to set the TRITON_CACHE_DIR environment variable to a non-NFS path.
1: [default2]:Warning: The cache directory for DeepSpeed Triton autotune, /users/course_00306/.triton/autotune, appears to be on an NFS system. While this is generally acceptable, if you experience slowdowns or hanging when DeepSpeed exits, it is recommended to set the TRITON_CACHE_DIR environment variable to a non-NFS path.
0: [default3]:Warning: The cache directory for DeepSpeed Triton autotune, /users/course_00306/.triton/autotune, appears to be on an NFS system. While this is generally acceptable, if you experience slowdowns or hanging when DeepSpeed exits, it is recommended to set the TRITON_CACHE_DIR environment variable to a non-NFS path.
0: [default1]:Warning: The cache directory for DeepSpeed Triton autotune, /users/course_00306/.triton/autotune, appears to be on an NFS system. While this is generally acceptable, if you experience slowdowns or hanging when DeepSpeed exits, it is recommended to set the TRITON_CACHE_DIR environment variable to a non-NFS path.
0: [default2]:Warning: The cache directory for DeepSpeed Triton autotune, /users/course_00306/.triton/autotune, appears to be on an NFS system. While this is generally acceptable, if you experience slowdowns or hanging when DeepSpeed exits, it is recommended to set the TRITON_CACHE_DIR environment variable to a non-NFS path.
0: [default0]:Warning: The cache directory for DeepSpeed Triton autotune, /users/course_00306/.triton/autotune, appears to be on an NFS system. While this is generally acceptable, if you experience slowdowns or hanging when DeepSpeed exits, it is recommended to set the TRITON_CACHE_DIR environment variable to a non-NFS path.
3: [default2]:Warning: The cache directory for DeepSpeed Triton autotune, /users/course_00306/.triton/autotune, appears to be on an NFS system. While this is generally acceptable, if you experience slowdowns or hanging when DeepSpeed exits, it is recommended to set the TRITON_CACHE_DIR environment variable to a non-NFS path.
3: [default1]:Warning: The cache directory for DeepSpeed Triton autotune, /users/course_00306/.triton/autotune, appears to be on an NFS system. While this is generally acceptable, if you experience slowdowns or hanging when DeepSpeed exits, it is recommended to set the TRITON_CACHE_DIR environment variable to a non-NFS path.
3: [default3]:Warning: The cache directory for DeepSpeed Triton autotune, /users/course_00306/.triton/autotune, appears to be on an NFS system. While this is generally acceptable, if you experience slowdowns or hanging when DeepSpeed exits, it is recommended to set the TRITON_CACHE_DIR environment variable to a non-NFS path.
3: [default0]:Warning: The cache directory for DeepSpeed Triton autotune, /users/course_00306/.triton/autotune, appears to be on an NFS system. While this is generally acceptable, if you experience slowdowns or hanging when DeepSpeed exits, it is recommended to set the TRITON_CACHE_DIR environment variable to a non-NFS path.
2: [default1]:Warning: The cache directory for DeepSpeed Triton autotune, /users/course_00306/.triton/autotune, appears to be on an NFS system. While this is generally acceptable, if you experience slowdowns or hanging when DeepSpeed exits, it is recommended to set the TRITON_CACHE_DIR environment variable to a non-NFS path.
2: [default0]:Warning: The cache directory for DeepSpeed Triton autotune, /users/course_00306/.triton/autotune, appears to be on an NFS system. While this is generally acceptable, if you experience slowdowns or hanging when DeepSpeed exits, it is recommended to set the TRITON_CACHE_DIR environment variable to a non-NFS path.
2: [default2]:Warning: The cache directory for DeepSpeed Triton autotune, /users/course_00306/.triton/autotune, appears to be on an NFS system. While this is generally acceptable, if you experience slowdowns or hanging when DeepSpeed exits, it is recommended to set the TRITON_CACHE_DIR environment variable to a non-NFS path.
2: [default3]:Warning: The cache directory for DeepSpeed Triton autotune, /users/course_00306/.triton/autotune, appears to be on an NFS system. While this is generally acceptable, if you experience slowdowns or hanging when DeepSpeed exits, it is recommended to set the TRITON_CACHE_DIR environment variable to a non-NFS path.
1: [default1]:[W506 11:19:59.678866758 ProcessGroupNCCL.cpp:941] Warning: TORCH_NCCL_AVOID_RECORD_STREAMS is the default now, this environment variable is thus deprecated. (function operator())
1: [default2]:[W506 11:19:59.680973834 ProcessGroupNCCL.cpp:941] Warning: TORCH_NCCL_AVOID_RECORD_STREAMS is the default now, this environment variable is thus deprecated. (function operator())
0: [default0]:using world size: 16, data-parallel size: 4, context-parallel size: 1, hierarchical context-parallel sizes: None, tensor-model-parallel size: 4, pipeline-model-parallel size: 1
0: [default0]:/users/course_00306/Project/large-whale-ai/Megatron-LM/megatron/training/utils.py:411: UserWarning: Overriding default arguments for tokenizer_type:GPT2BPETokenizer with tokenizer_type:GPT2BPETokenizer
0: [default0]:  warnings.warn(message)
0: [default0]:Number of virtual stages per pipeline stage: None
0: [default0]:using torch.bfloat16 for parameters ...
0: [default0]:------------------------ arguments ------------------------
0: [default0]:  account_for_embedding_in_pipeline_split ......... False
0: [default0]:  account_for_loss_in_pipeline_split .............. False
0: [default0]:  accumulate_allreduce_grads_in_fp32 .............. False
0: [default0]:  activation_func_clamp_value ..................... None
0: [default0]:  adam_beta1 ...................................... 0.9
0: [default0]:  adam_beta2 ...................................... 0.95
0: [default0]:  adam_eps ........................................ 1e-08
0: [default0]:  add_bias_linear ................................. False
0: [default0]:  add_position_embedding .......................... True
0: [default0]:  add_qkv_bias .................................... False
0: [default0]:  adlr_autoresume ................................. False
0: [default0]:  adlr_autoresume_interval ........................ 1000
0: [default0]:  align_
0: grad_reduce ............................... True
0: [default0]:  align_param_gather .............................. False
0: [default0]:  allow_ambiguous_pad_tokens ...................... False
0: [default0]:  app_tag_run_name ................................ None
0: [default0]:  app_tag_run_version ............................. 0.0.0
0: [default0]:  apply_query_key_layer_scaling ................... False
0: [default0]:  apply_residual_connection_post_layernorm ........ False
0: [default0]:  apply_rope_fusion ............................... True
0: [default0]:  apply_wd_to_qk_layernorm ........................ False
0: [default0]:  async_save ...................................... False
0: [default0]:  async_tensor_model_parallel_allreduce ........... True
0: [default0]:  attention_backend ............................... AttnBackend.auto
0: [default0]:  attention_dropout ............................... 0.0
0: [default0]:  attention_output_gate ........................... False
0: [default0]:  attention_softmax_in_fp32 ....................... False
0: [default0]:  auto_detect_ckpt_format ......................... False
0: [default0]:  barrier_with_L1_time ............................ True
0: [default0]:  batch_invariant_mode ............................ False
0: [default0]:  bert_binary_head ......................
0: .......... True
0: [default0]:  bert_embedder_type .............................. megatron
0: [default0]:  bert_load ....................................... None
0: [default0]:  bf16 ............................................ True
0: [default0]:  bias_dropout_fusion ............................. True
0: [default0]:  bias_gelu_fusion ................................ False
0: [default0]:  bias_swiglu_fusion .............................. True
0: [default0]:  biencoder_projection_dim ........................ 0
0: [default0]:  biencoder_shared_query_context_model ............ False
0: [default0]:  block_data_path ................................. None
0: [default0]:  cache_mla_latents ............................... False
0: [default0]:  calc_ft_timeouts ................................ False
0: [default0]:  calculate_per_token_loss ........................ False
0: [default0]:  check_for_large_grads ........................... False
0: [default0]:  check_for_nan_in_loss_and_grad .................. False
0: [default0]:  check_for_spiky_loss ..............
0: .............. False
0: [default0]:  check_weight_hash_across_dp_replicas_interval ... None
0: [default0]:  ckpt_assume_constant_structure .................. False
0: [default0]:  ckpt_convert_format ............................. None
0: [default0]:  ckpt_convert_save ............................... None
0: [default0]:  ckpt_convert_update_legacy_dist_opt_format ...... False
0: [default0]:  ckpt_format ..................................... torch_dist
0: [default0]:  ckpt_fully_parallel_load ........................ False
0: [default0]:  ckpt_fully_parallel_save ........................ True
0: [default0]:  ckpt_fully_parallel_save_deprecated ............. False
0: [default0]:  ckpt_step ....................................... None
0: [default0]:  classes_fraction ................................ 1.0
0: [default0]:  clip_grad ....................................... 1.0
0: [default0]:  clone_scatter_output_in_embedding ............... True
0: [default0]:  config_logger_dir ............................... 
0: [default0]:  consumed_train_samples ...........
0: ............... 0
0: [default0]:  consumed_valid_samples .......................... 0
0: [default0]:  context_parallel_size ........................... 1
0: [default0]:  cp_comm_type .................................... ['p2p']
0: [default0]:  cpu_offloading_num_layers ....................... 0
0: [default0]:  create_all_gather_group ......................... False
0: [default0]:  create_attention_mask_in_dataloader ............. True
0: [default0]:  cross_entropy_fusion_impl ....................... native
0: [default0]:  cross_entropy_loss_fusion ....................... True
0: [default0]:  cuda_graph_impl ................................. none
0: [default0]:  cuda_graph_scope ................................ []
0: [default0]:  cuda_graph_warmup_steps ......................... 3
0: [default0]:  data_args_path .................................. None
0: [default0]:  data_cache_path ................................. /users/course_00306/scratch/gipfelsturm/dataset_cache
0: [default0]:  data_parallel_random_init ....................... False
0: [default0]:  data_parallel_sharding_strategy ................. no_shard
0: [default0]:  data_parallel_size .............................. 4
0: [default0]:  data_path ....................................... ['/capstor/store/cscs/swissai/infra01/datasets/nvidia/Nemotron-ClimbMix/climbmix_small_megatron/climbmix_small']
0: [default0]:  data_per_class_fraction ......................... 1.0
0: [default0]:  data_sharding ................................... True
0: [default0]:  dataloader_defer_npy_index_mmap ................. False
0: [default0]:  dataloader_fast_cache_load ...................... False
0: [default0]:  dataloader_type ................................. single
0: [default0]:  ddp_average_in_collective ....................... False
0: [default0]:  ddp_bucket_size ................................. None
0: [default0]:  ddp_num_buckets ................................. None
0: [default0]:  ddp_pad_buckets_for_high_nccl_busbw ............. False
0: [default0]:  ddp_reduce_scatter_with_fp32_accumulation ....... False
0: [default0]:  decode_only_cuda_graphs ......................... False
0: [default0]:  decoder_first_pipeline_num_layers ............... None
0: [default0]:  decoder_last_pipeline_num_layers ................ None
0: [default0]:  decoder_num_layers .............................. None
0: [default0]:  decoder_seq_length .............................. None
0: [default0]:  decoupled_lr .................................... None
0: [default0]:  decoupled_min_lr ................................ None
0: [default0]:  decrease_batch_size_if_needed ................... False
0: [default0]:  defer_embedding_wgrad_compute ................... False
0: [default0]:  delay_wgrad_compute ............................. False
0: [default0]:  deprecated_use_mcore_models ..................... False
0: [default0]:  deterministic_mode .............................. False
0: [default0]:  dino_bottleneck_size ............................ 256
0: [default0]:  dino_freeze_last_layer .......................... 1
0: [default0]:  dino_head_hidden_size ........................... 2048
0: [default0]:  dino_local_crops_number ......................... 10
0: [default0]:  dino_local_img_size ............................. 96
0: [default0]:  dino_norm_last_layer ............................ False
0: [default0]:  dino_teacher_temp ............................... 0.07
0: [default0]:  dino_warmup_teacher_temp ........................ 0.04
0: [default0]:  dino_warmup_teacher_temp_epochs ................. 30
0: [default0]:  disable_bf16_reduced_precision_matmul ........... False
0: [default0]:  disable_chunked_prefill ......................... True
0: [default0]:  disable_jit_fuser ............................... False
0: [default0]:  disable_straggler_on_startup .................... False
0: [default0]:  disable_symmetric_registration .................. False
0: [default0]:  dist_ckpt_format_deprecated ..................... None
0: [default0]:  dist_ckpt_optim_fully_reshardable ............... False
0: [default0]:  dist_ckpt_save_pre_mcore_014 .................... False
0: [default0]:  dist_ckpt_strictness ............................ assume_ok_unexpected
0: [default0]:  distrib_optim_fully_reshardable_mem_efficient ... False
0: [default0]:  distribute_saved_activations .................... False
0: [default0]:  distributed_backend ............................. nccl
0: [default0]:  distributed_timeout_minutes ..................... 10
0: [default0]:  distributed_timeout_seconds_after_init .......... None
0: [default0]:  dsa_indexer_head_dim ............................ None
0: [default0]:  dsa_indexer_loss_coeff .......................... None
0: [default0]:  dsa_indexer_n_heads ............................. None
0: [default0]:  dsa_indexer_topk ................................ None
0: [default0]:  dsa_indexer_use_sparse_loss ..................... False
0: [default0]:  dump_param_to_param_group_map ................... None
0: [default0]:  embedding_init_method_std ....................... None
0: [default0]:  embedding_path .................................. None
0: [default0]:  empty_unused_memory_level ....................... 0
0: [default0]:  enable_cuda_graph ............................... False
0: [default0]:  enable_experimental ............................. False
0: [default0]:  enable_ft_package ............................... False
0: [default0]:  enable_full_sharding_in_hsdp .................... False
0: [default0]:  enable_gloo_process_groups ...................... True
0: [default0]:  enable_gpt_oss .................................. False
0: [default0]:  enable_msc ...................................... True
0: [default0]:  enable_one_logger ............................... True
0: [default0]:  encoder_num_layers .............................. 32
0: [default0]:  encoder_seq_length .............................. 4096
0: [default0]:  end_weight_decay ................................ 0.1
0: [default0]:  eod_mask_loss ................................... False
0: [default0]:  ep_overlap_early_attn_memory_release ............ False
0: [default0]:  error_injection_rate ............................ 0
0: [default0]:  error_injection_type ............................ transient_error
0: [default0]:  eval_interval ................................... 250
0: [default0]:  eval_iters ...................................... 
0: 0
0: [default0]:  evidence_data_path .............................. None
0: [default0]:  exit_duration_in_mins ........................... None
0: [default0]:  exit_interval ................................... None
0: [default0]:  exit_on_missing_checkpoint ...................... False
0: [default0]:  exit_signal ..................................... 15
0: [default0]:  exit_signal_handler ............................. False
0: [default0]:  exit_signal_handler_for_dataloader .............. False
0: [default0]:  exp_avg_dtype ................................... torch.float32
0: [default0]:  exp_avg_sq_dtype ................................ torch.float32
0: [default0]:  experimental_attention_variant .................. None
0: [default0]:  expert_model_parallel_size ...................... 1
0: [default0]:  expert_tensor_parallel_size ..................... 4
0: [default0]:  export_force_local_attention .................... False
0: [default0]:  export_kd_cfg ................................... None
0: [default0]:  export_kd_teacher_ckpt_format ................... None
0: [default0]:  export_kd_teacher_load .......................... None
0: [default0]:  export_kd_teacher_model_config .................. None
0: [default0]:  export_kv_cache_quant ........................... none
0: [default0]:  export_legacy_megatron .......................... False
0: [default0]:  export_model_type ............................... GPTModel
0: [default0]:  export_moe_apply_probs_on_input ........
0: ......... False
0: [default0]:  export_offline_model ............................ False
0: [default0]:  export_qk_l2_norm ............................... False
0: [default0]:  export_quant_cfg ................................ None
0: [default0]:  export_real_quant_cfg ........................... None
0: [default0]:  export_te_mcore_model ........................... False
0: [default0]:  external_cuda_graph ............................. False
0: [default0]:  fake_process_group .............................. False
0: [default0]:  ffn_hidden_size ................................. 14336
0: [default0]:  fim_data ........................................ False
0: [default0]:  fim_eod_token ................................... <|endoftext|>
0: [default0]:  fim_fragment_rate ............................... None
0: [default0]:  fim_middle_token ................................ <fim_middle>
0: [default0]:  fim_no_prefix ................................... None
0: [default0]:  fim_pad_token ................................... <fim_pad>
0: [default0]:  fim_prefix_token ................................ <fim_prefix>
0: [default0]:  fim_rate ........................................ 0.5
0: [default0]:  fim_split_sample ................................ None
0: [default0]:  fim_spm_rate .................................... 0.5
0: [default0]:  fim_suffix_token ................................ <fim_suffix>
0: [default0]:  fine_grained_activation_offloading .............. False
0: [default0]:  finetune ........................................ False
0: [default0]:  finetune_data_split ............................. train
0: [default0]:  finetune_hf_dataset ............................. None
0: [default0]:  first_last_layers_bf16 .......................... False
0: [default0]:  flash_decode .................................... False
0: [default0]:  fp16 ............................................ False
0: [default0]:  fp16_lm_cross_entropy ........................... False
0: [default0]:  fp32_residual_connection ........................ False
0: [default0]:  fp4 ............................................. None
0: [default0]:  fp4_param ....................................... False
0: [default0]:  fp4_quantizer_factory ........................... None
0: [default0]:  fp4_recipe ...................................... nvfp4
0: [default0]:  fp8 ............................................. None
0: [default0]:  fp8_amax_compute_algo ........................... most_recent
0: [default0]:  fp8_amax_history_len ............................ 1
0: [default0]:  fp8_interval .................................... 1
0: [default0]:  fp8_margin ...................................... 0
0: [default0]:  fp8_param_gather ................................ False
0: [default0]:  fp8_quantizer_factory ........................... None
0: [default0]:  fp8_recipe ...................................... delayed
0: [default0]:  fp8_wgrad ....................................... True
0: [default0]:  fsdp_double_buffer .............................. False
0: [default0]:  fsdp_manual_registration ........................ False
0: [default0]:  ft_num_warmup_iters ............................. 5
0: [default0]:  full_validation ................................. False
0: [default0]:  global_batch_size ............................... 256
0: [default0]:  glu_linear_offset ............................... 0.0
0: [default0]:  grad_reduce_in_bf16 ............................. False
0: [default0]:  gradient_accumulation_fusion .................... True
0: [default0]:  gradient_reduce_div_fusion ...................... True
0: [default0]:  group_query_attention ........................... True
0: [default0]:  grpo_clamp_eps_lower ............................ 0.01
0: [default0]:  grpo_clamp_eps_upper ............................ 0.01
0: [default0]:  grpo_entropy_term_weight ........................ 0.0
0: [default0]:  grpo_filter_groups_with_same_reward ............. False
0: [default0]:  grpo_group_size ................................. 2
0: [default0]:  grpo_iterations ................................. 2
0: [default0]:  grpo_kl_beta .................................... 0.001
0: [default0]:  grpo_prompts_per_step ........................... 32
0: [default0]:  head_lr_mult .................................... 1.0
0: [default0]:  heterogeneous_layers_config_encoded_json ........ None
0: [default0]:  heterogeneous_layers_config_path ................ None
0: [default0]:  hidden_dropout .................................. 0.0
0: [default0]:  
0: hidden_size ..................................... 4096
0: [default0]:  hierarchical_context_parallel_sizes ............. None
0: [default0]:  high_priority_stream_groups ..................... []
0: [default0]:  hybrid_attention_ratio .......................... 0.0
0: [default0]:  hybrid_context_parallel ......................... False
0: [default0]:  hybrid_mlp_ratio ................................ 0.0
0: [default0]:  hybrid_override_pattern ......................... None
0: [default0]:  hysteresis ...................................... 2
0: [default0]:  ict_head_size ................................... None
0: [default0]:  ict_load ........................................ None
0: [default0]:  img_h ........................................... 224
0: [default0]:  img_w ........................................... 224
0: [default0]:  indexer_batch_size .............................. 128
0: [default0]:  indexer_log_interval ............................ 1000
0: [default0]:  inference_batch_times_seqlen_threshold .......... -1
0: [default0]:  inference_coordinator_port ...................... 12346
0: [default0]:  inference_dynamic_batching ...................... False
0: [default0]:  inference_dynamic_batching_block_size ........... 256
0: [default0]:  inference_dynamic_batching_buffer_size_gb ....... 40.0
0: [default0]:  inference_dynamic_batching_cuda_graph_max_tokens  16384
0: [default0]:  inference_dynamic_batching_cuda_graph_mixed_prefill_count  16
0: [default0]:  inference_dynamic_batching_max_requests ......... None
0: [default0]:  inference_dynamic_batching_max_tokens ........... None
0: [default0]:  inference_dynamic_batching_num_cuda_graphs ...... 16
0: [default0]:  inference_dynamic_batching_paused_buffer_size_gb  None
0: [default0]:  inference_dynamic_batching_track_paused_request_events  False
0: [default0]:  inference_dynamic_batching_unified_memory_level . 0
0: [default0]:  inference_fuse_tp_communication ................. False
0: [default0]:  inference_logging_step_interval ................. 0
0: [default0]:  inference_max_batch_size ........................ 8
0: [default0]:  inference_max_seq_length ........................ 2560
0: 
0: [default0]:  inference_rng_tracker ........................... False
0: [default0]:  inference_wandb_logging ......................... False
0: [default0]:  init_method_std ................................. 0.02
0: [default0]:  init_method_xavier_uniform ...................... False
0: [default0]:  init_model_with_meta_device ..................... False
0: [default0]:  initial_loss_scale .............................. 4294967296
0: [default0]:  inprocess_active_world_size ..................... 16
0: [default0]:  inprocess_barrier_timeout ....................... 120
0: [default0]:  inprocess_completion_timeout .................... 120
0: [default0]:  inprocess_empty_cuda_cache ...................... False
0: [default0]:  inprocess_granularity ........................... node
0: [default0]:  inprocess_hard_timeout .......................... 90
0: [default0]:  inprocess_heartbeat_interval .................... 30
0: [default0]:  inprocess_heartbeat_timeout ..................... 60
0: [default0]:  inprocess_last_call_wait ........................ 1
0: [default0]:  inprocess_max_iterations ........................ None
0: [default0]:  inprocess_monitor_process_interval .............. 1.0
0: [default0]:  inprocess_monitor_thread_interval ............... 1.0
0: [default0]:  inprocess_progress_watchdog_interval ............ 1.0
0: [default0]:  inprocess_restart ............................... False
0: [default0]:  inprocess_soft_timeout .......................... 60
0: [default0]:  inprocess_termination_grace_time ................ 1
0: [default0]:  is_hybrid_model ................................. False
0: [default0]:  iter_per_epoch .................................. 1250
0: [default0]:  iterations_to_skip .............................. []
0: [default0]:  keep_fp8_transpose_cache ........................ False
0: [default0]:  kitchen_attention_backend ....................... sdpa
0: [default0]:  kv_channels ..................................... 128
0: [default0]:  kv_lora_rank .................................... 32
0: [default0]:  langrl_env_config ............................... None
0: [default0]:  langrl_external_server .......................... False
0: [default0]:  langrl_inference_server_conversation_template ... None
0: [default0]:  langrl_inference_server_type .................... inplace_megatron
0: [default0]:  layernorm_epsilon ............................... 1e-05
0: [default0]:  layernorm_zero_centered_gamma ................... False
0: [default0]:  lazy_mpu_init ................................... None
0: [default0]:  legacy_tokenizer ................................ False
0: [default0]:  linear_attention_freq ........................... None
0: [default0]:  linear_conv_kernel_dim .......................... 4
0: [default0]:  linear_key_head_dim ............................. 128
0: [default0]:  linear_num_key_heads ............................ 16
0: [default0]:  linear_num_value_heads .......................... 32
0: [default0]:  linear_value_head_dim ........................... 128
0: [default0]:  load ............................................ None
0: [default0]:  load_main_params_from_ckpt ...................... False
0: [default0]:  local_rank ...................................... 0
0: [default0]:  log_device_memory_used .......................... False
0: [default0]:  log_energy ...................................... False
0: [default0]:  log_interval .................................... 1
0: [default0]:  log_loss_scale_to_tensorboard ................... True
0: [default0]:  log_max_attention_logit ......................... False
0: [default0]:  log_memory_interval ............................. None
0: [default0]:  log_memory_to_tensorboard ....................... True
0: [default0]:  log_num_zeros_in_grad ........................... False
0: [default0]:  log_params_norm ................................. False
0: [default0]:  log_progress .................................... True
0: [default0]:  log_straggler ................................... False
0: [default0]:  log_throughput .................................. True
0: [default0]:  log_timers_to_tensorboard ....................... True
0: [default0]:  log_validation_ppl_to_tensorboard ............... False
0: [de
0: fault0]:  log_world_size_to_tensorboard ................... False
0: [default0]:  logging_level ................................... None
0: [default0]:  loss_scale ...................................... None
0: [default0]:  loss_scale_window ............................... 1000
0: [default0]:  lr .............................................. 0.0003
0: [default0]:  lr_decay_iters .................................. None
0: [default0]:  lr_decay_samples ................................ None
0: [default0]:  lr_decay_style .................................. constant
0: [default0]:  lr_warmup_fraction .............................. None
0: [default0]:  lr_warmup_init .................................. 0.0
0: [default0]:  lr_warmup_iters ................................. 20
0: [default0]:  lr_warmup_samples ............................... 0
0: [default0]:  lr_wsd_decay_iters .............................. None
0: [default0]:  lr_wsd_decay_samples ............................ None
0: [default0]:  lr_wsd_decay_style .............................. exponential
0: [default0]:  main_grads_dtype ................................ torch.bfloat16
0: [default0]:  main_params_dtype ........................
0: ....... torch.float32
0: [default0]:  make_vocab_size_divisible_by .................... 128
0: [default0]:  mamba_head_dim .................................. 64
0: [default0]:  mamba_num_groups ................................ 8
0: [default0]:  mamba_num_heads ................................. None
0: [default0]:  mamba_state_dim ................................. 128
0: [default0]:  manual_gc ....................................... True
0: [default0]:  manual_gc_eval .................................. True
0: [default0]:  manual_gc_interval .............................. 50
0: [default0]:  mask_factor ..................................... 1.0
0: [default0]:  mask_prob ....................................... 0.15
0: [default0]:  mask_type ....................................... random
0: [default0]:  masked_softmax_fusion ........................... True
0: [default0]:  max_position_embeddings ......................... 4096
0: [default0]:  max_seqlen_per_dp_cp_rank ....................... None
0: [default0]:  max_tokens_to_oom ............................... 12000
0: [default0]:  memory_snapshot_path ............................ snapshot.pickle
0: [default0]:  merge_file ...................................... /users/course_00306/Project/large-whale-ai/data/gpt2-merges.txt
0: [default0]:  micro_batch_size ................................ 2
0: [default0]:  microbatch_group_size_per_vp_stage .............. None
0: [default0]:  mid_level_dataset_surplus ....................... 0.005
0: [default0]:  min_loss_scale .................................. 1.0
0: [default0]:  min_lr .......................................... 0.0
0: [default0]:  min_offloaded_tensor_size ....................... 1048576
0: [default0]:  mlp_chunks_for_prefill .......................... 1
0: [default0]:  mmap_bin_files .................................. True
0: [default0]:  mock_data ....................................... False
0: [default0]:  modelopt_enabled ................................ False
0: [default0]:  moe_apply_probs_on_input ........................ False
0: [default0]:  moe_aux_loss_coeff .............................. 0.0
0: [default0]:  moe_deepep_num_sms .............................. 20
0: [default0]:  moe_enable_deepep ............................... False
0: [default0]:  moe_enable_routing_replay ....................... False
0: [default0]:  moe_expert_capacity_factor ...................... None
0: [default0]:  moe_extended_tp ................................. False
0: [default0]:  moe_ffn_hidden_size ............................. None
0: [default0]:  moe_flex_dispatcher_backend ..................... deepep
0: [default0]:  moe_grouped_gemm ................................ False
0: [default0]:  moe_hybridep_num_sms ............................ 16
0: [default0]:  moe_input_jitter_eps ............................ None
0: [default0]:  moe_latent_size ................................. None
0: [default0]:  moe_layer_freq .................................. 1
0: [default0]:  moe_layer_recompute ............................. False
0: [default0]:  moe_pad_expert_input_to_capacity ................ False
0: [default0]:  moe_pad_experts_for_cuda_graph_inference ........ False
0: [default0]:  moe_per_layer_logging ........................... False
0: [default0]:  moe_permute_fusion .............................. False
0: [default0]:  moe_router_bias_update_rate ..................... 0.001
0: [default0]:  moe_router_dtype ................................ None
0: [default0]:  moe_router_enable_expert_bias ................... False
0: [default0]:  moe_router_force_load_balancing ................. False
0: [default0]:  moe_router_fusion ............................... False
0: [default0]:  moe_router_group_topk ........................... None
0: [default0]:  moe_router_load_balancing_type .................. aux_loss
0: [default0]:  moe_router_num_groups ........................... None
0: [default0]:  moe_router_padding_for_fp8 ...................... False
0: [default0]:  moe_router_padding_for_quantization ............. False
0: [default0]:  moe_router_pre_softmax .......................... False
0: [default0]:  moe_router_score_function ....................... softmax
0: [default0]:  moe_router_topk ................................. 2
0: [default0]:  moe_router_topk_scaling_factor .................. None
0: [default0]:  moe_shared_expert_gate .......................... False
0: [default0]:  moe_shared_expert_intermediate_size ............. None
0: [default0]:  moe_shared_expert_overlap ....................... False
0: [default0]:  moe_token_dispatcher_type ....................... allgather
0: [default0]:  moe_token_drop_policy ........................... probs
0: [default0]:  moe_upcycling_granularity ....................... 1
0: [default0]:  moe_use_legacy_grouped_gemm ..................... False
0: [default0]:  moe_use_upcycling ............................... False
0: [default0]:  moe_z_loss_coeff ................................ None
0: [default0]:  mrope_section ................................... None
0: [default0]:  mscale .......................................... 1.0
0: [default0]:  mscale_all_dim .................................. 0.0
0: [default0]:  mtp_loss_scaling_factor ......................... 0.1
0: [default0]:  mtp_num_layers .................................. None
0: [default0]:  mtp_standalone .................................. False
0: [default0]:  multi_latent_attention .......................... False
0: [default0]:  multiple_validation_sets ........................ False
0: [default0]:  muon_extra_scale_factor ......................... 1.0
0: [default0]:  muon_fp32_matmul_prec ........................... medium
0: [default0]:  muon_momentum ................................... 0.9
0: [default0]:  muon_num_ns_steps ............................... 5
0: [default0]:  muon_scale_mode ................................. spectral
0: [default0]:  muon_split_qkv .................................. True
0: [default0]:  muon_tp_mode .................................... blockwise
0: [default0]:  muon_use_nesterov ............................... False
0: [default0]:  nccl_all_reduce_for_prefill ..................... False
0: [default0]:  nccl_communicator_config_path ................... None
0: [default0]:  nccl_ub ......................................... False
0: [default0]:  no_load_optim ................................... None
0: [default0]:  no_load_rng ..................................... None
0: [default0]:  no_persist_layer_norm ........................... False
0: [default0]:  no_rope_freq ....................................
0:  None
0: [default0]:  no_save_optim ................................... None
0: [default0]:  no_save_rng ..................................... None
0: [default0]:  no_weight_decay_cond_type ....................... None
0: [default0]:  non_persistent_ckpt_type ........................ None
0: [default0]:  non_persistent_global_ckpt_dir .................. None
0: [default0]:  non_persistent_local_ckpt_algo .................. fully_parallel
0: [default0]:  non_persistent_local_ckpt_dir ................... None
0: [default0]:  non_persistent_save_interval .................... None
0: [default0]:  normalization ................................... RMSNorm
0: [default0]:  num_attention_heads ............................. 32
0: [default0]:  num_channels .................................... 3
0: [default0]:  num_classes ..................................... 1000
0: [default0]:  num_dataset_builder_threads ..................... 1
0: [default0]:  num_distributed_optimizer_instances ............. 1
0: [default0]:  num_experts ..................................... None
0: [default0]:  num_layers ...................................... 32
0: [default0]:  num_layers_at_end_in_bf16 ....................... 1
0: [default0]:  num_layers_at_start_in_bf16 ..................... 1
0: [default0]:  num_layers_per_virtual_pipeline_stage ........... None
0: [default0]:  num_query_groups ................................ 8
0: [default0]:  num_virtual_stages_per_pipeline_rank ............ None
0: [default0]:  num_workers ..................................... 1
0: [default0]:  object_storage_cache_path ....................... None
0: [default0]:  offload_modules ................................. []
0: [default0]:  one_logger_async ................................ False
0: [default0]:  one_logger_project .............................. megatron-lm
0: [default0]:  one_logger_run_name ............................. None
0: [default0]:  onnx_safe ....................................... None
0: [default0]:  openai_gelu ..................................... False
0: [default0]:  optimizer ....................................... adam
0: [default0]:  optimizer_cpu_offload ........................... False
0: [default0]:  optimizer_offload_fraction ...................... 1.0
0: [default0]:  outer_dp_sharding_strategy ...................... no_shard
0: [default0]:  output_bert_embeddings .......................... False
0: [default0]:  overlap_cpu_optimizer_d2h_h2d ................... False
0: [default0]:  overlap_grad_reduce ............................. True
0: [default0]:  overlap_moe_expert_parallel_comm ................ False
0: [default0]:  overlap_p2p_comm ................................ False
0: [default0]:  overlap_p2p_comm_warmup_flush ................... False
0: [default0]:  overlap_param_gather ............................ True
0: [default0]:  overlap_param_gather_with_optimizer_step ........
0:  False
0: [default0]:  override_opt_param_scheduler .................... False
0: [default0]:  padded_vocab_size ............................... None
0: [default0]:  params_dtype .................................... torch.bfloat16
0: [default0]:  patch_dim ....................................... 16
0: [default0]:  per_dataset_sequences_path ...................... None
0: [default0]:  per_split_data_args_path ........................ None
0: [default0]:  perform_initialization .......................... True
0: [default0]:  perform_rl_step ................................. False
0: [default0]:  phase_transition_iterations ..................... None
0: [default0]:  pin_cpu_grads ................................... True
0: [default0]:  pin_cpu_params .................................. True
0: [default0]:  pipeline_model_parallel_comm_backend ............ None
0: [default0]:  pipeline_model_parallel_layout .................. None
0: [default0]:  pipeline_model_parallel_size .................... 1
0: [default0]:  position_embedding_type ......................... rope
0: [default0]:  pretrained_checkpoint ........................... None
0: [default0]:  profile ......................................... False
0: [default0]:  profile_ranks ................................... [0]
0: [default0]:  profile_step_end ................................ 12
0: [default0]:  profile_step_start .............................. 10
0: [default0]:  q_lora_rank ..................................... None
0: [default0]:  qk_clip ......................................... False
0: [default0]:  qk_clip_alpha ................................... 0.5
0: [default0]:  qk_clip_threshold ............................... 100
0: [default0]:  qk_head_dim ..................................... 128
0: [default0]:  qk_l2_norm ...................................... False
0: [default0]:  qk_layernorm .................................... False
0: [default0]:  qk_pos_emb_head_dim ............................. 64
0: [default0]:  query_in_block_prob ............................. 0.1
0: [default0]:  quick_geglu ..................................... False
0: [default0]:  rampup_batch_size ............................... None
0: [default0]:  rank ............................................ 0
0: [default0]:  recompute_granularity ........................... None
0: [default0]:  recompute_method ................................ None
0: [default0]:  recompute_modules ............................... None
0: [default0]:  recompute_num_layers ............................ None
0: [default0]:  record_memory_history ........................... False
0: [default0]:  refit_method .................................... gloo
0: [default0]:  relative_attention_max_distance ................. 128
0: [default0]:  relative_attention_num_buckets .................. 32
0: [default0]:  replication ..................................... False
0: [default0]:  replication_factor .............................. 2
0: [default0]:  replication_jump ................................ None
0: [default0]:  rerun_mode ...................................... validate_results
0: [default0]:  reset_attention_mask ............................ False
0: [default0]:  reset_position_ids .............................. False
0: [default0]:  result_rejected_tracker_filename ................ None
0: [default0]:  retriever_report_topk_accuracies ................ []
0: [default0]:  retriever_score_scaling ......................... False
0: [default0]:  reuse_grad_buf_for_mxfp8_param_ag ............... False
0: [default0]:  rl_default_temperature .......................... 1.0
0: [default0]:  rl_default_top_k ................................ -1
0: [default0]:  rl_default_top_p ................................ 0
0: [default0]:  rl_importance_sampling_truncation_coef .......... None
0: [default0]:  rl_inference_expert_model_parallel_size ......... None
0: [default0]:  rl_inference_expert_tensor_model_parallel_size .. None
0: [default0]:  rl_inference_logprobs_is_correction ............. False
0: [default0]:  rl_inference_model_unified_memory_level ......... 0
0: [default0]:  rl_inference_pipeline_model_parallel_size ....... None
0: [default0]
0: :  rl_inference_tensor_model_parallel_size ......... None
0: [default0]:  rl_offload_inference_model_weights_when_idle .... False
0: [default0]:  rl_offload_kv_cache_during_training ............. False
0: [default0]:  rl_offload_optimizer_during_inference ........... False
0: [default0]:  rl_parallel_generation_tasks .................... 512
0: [default0]:  rl_partial_rollouts ............................. False
0: [default0]:  rl_prompts_per_eval ............................. 32
0: [default0]:  rl_remove_kv_cache_during_training .............. False
0: [default0]:  rl_reset_cuda_graphs ............................ False
0: [default0]:  rl_sequence_packing_algo ........................ fifo
0: [default0]:  rl_sequence_packing_max_sequences_per_bin ....... 50
0: [default0]:  rl_skip_bos_token ............................... False
0: [default0]:  rl_training_cuda_graphs ......................... False
0: [default0]:  rl_use_sequence_packing ......................... False
0: [default0]:  rl_verify_model_weights_swap .................... False
0: [default0]:  rope_scaling_factor ............................. 8.0
0: [default0]:  rope_type ....................................... None
0: [default0]:  rotary_base ..................................... 10000
0: [default0]:  rotary_interleaved .............................. False
0: [default0]:  rotary_percent .................................. 1.0
0: [default0]:  rotary_scaling_factor ........................... 1.0
0: [default0]:  rotary_seq_len_interpolation_factor ............. None
0: [default0]:  run_workload_inspector_server ................... False
0: [default0]:  sample_rate ..................................... 1.0
0: [default0]:  save ............................................ None
0: [default0]:  save_dgrads_interval ............................ None
0: [default0]:  save_interval ................................... None
0: [default0]:  save_retain_interval ............................ None
0: [de
0: fault0]:  save_wgrads_interval ............................ None
0: [default0]:  scatter_gather_tensors_in_pipeline .............. True
0: [default0]:  seed ............................................ 41
0: [default0]:  seq_length ...................................... 4096
0: [default0]:  sequence_parallel ............................... False
0: [default0]:  sft ............................................. False
0: [default0]:  sft_tokenizer_prompt_format ..................... nemotron-h-aligned
0: [default0]:  sgd_momentum .................................... 0.9
0: [default0]:  sharp_enabled_group ............................. None
0: [default0]:  short_seq_prob .................................. 0.1
0: [default0]:  skip_train ...................................... False
0: [default0]:  skipped_train_samples ........................... 0
0: [default0]:  softmax_type .................................... vanilla
0: [default0]:  spec ............................................ None
0: [default0]:  split ........................................... 99,1,0
0: [default0]:  squared_relu .................................... False
0: [default0]:  start_weight_decay .............................. 0.1
0: [default0]:  straggler_ctrlr_port ............................ 65535
0: [default0]:  straggler_minmax_count .......................... 1
0: [default0]:  strict_fsdp_dtensor_load ........................ True
0: [default0]:  suggested_communication_unit_size ............... None
0: [default0]:  swiglu .......................................... True
0: [default0]:  swin_backbone_type .............................. tiny
0: [default0]:  symmetric_ar_type ............................... None
0: [default0]:  te_precision_config_file ........................ None
0: [default0]:  te_rng_tracker .................................. False
0: [default0]:  tensor_model_parallel_size ...................... 4
0: [default0]:  tensorboard_dir ................................. /users/course_00306/scratch/gipfelsturm/experiments/train-8b-hybrid-tp4-4n/tensorboard
0: [default0]:  tensorboard_log_interval ........................ 1
0: [default0]:  tensorboard_queue_size .......................... 1000
0: [default0]:  test_data_path .................................. None
0: [default0]:  test_mode ....................................... False
0: [default0]:  tiktoken_num_special_tokens .....................
0:  1000
0: [default0]:  tiktoken_pattern ................................ None
0: [default0]:  tiktoken_special_tokens ......................... None
0: [default0]:  timing_log_level ................................ 0
0: [default0]:  timing_log_option ............................... minmax
0: [default0]:  titles_data_path ................................ None
0: [default0]:  tokenizer_hf_include_special_tokens ............. False
0: [default0]:  tokenizer_hf_use_fast ........................... False
0: [default0]:  tokenizer_metadata .............................. None
0: [default0]:  tokenizer_model ................................. None
0: [default0]:  tokenizer_sentencepiece_legacy .................. False
0: [default0]:  tokenizer_special_tokens ........................ None
0: [default0]:  tokenizer_type .................................. GPT2BPETokenizer
0: [default0]:  torch_fsdp2_reshard_after_forward ............... True
0: [default0]:  tp_comm_bootstrap_backend ....................... nccl
0: [default0]:  tp_comm_bulk_dgrad .............................. True
0: [default0]:  tp_comm_bulk_wgrad .............................. True
0: [default0]:  tp_comm_overlap ................................. False
0: [default0]:  tp_comm_overlap_ag .............................. True
0: [default0]:  tp_comm_overlap_cfg ............................. None
0: [default0]:  tp_comm_overlap_rs .............................. True
0: [default0]:  tp_comm_overlap_rs_dgrad ........................ False
0: [default0]:  tp_comm_split_ag ................................ True
0: [default0]:  tp_comm_split_rs ................................ True
0: [default0]:  train_data_path ................................. None
0: [default0]:  train_iters ..................................... 250
0: [default0]:  train_samples ................................... None
0: [default0]:  train_sync_interval ............................. None
0: [default0]:  transformer_impl ................................ transformer_engine
0: [default0]:  transformer_pipeline_model_parallel_size ........ 1
0: [default0]:  trust_remote_code ............................... False
0: [default0]:  untie_embeddings_and_output_weights ............. True
0: [default0]:  use_checkpoint_args ............................. False
0: [default0]:  use_checkpoint_opt_param_scheduler .............. False
0: [default0]:  use_cpu_initialization .......................... None
0: [default0]:  use_dist_ckpt ................................... True
0: [default0]:  use_dist_ckpt_deprecated ........................ False
0: [default0]:  use_distributed_optimizer ....................... True
0: [default0]:  use_flash_attn .................................. False
0: [default0]:  use_fused_weighted_squared_relu ................. False
0: [default0]:  use_kitchen_attention ........................... False
0: [default0]:  use_legacy_models ............................... False
0: [default0]:  use_legacy_static_engine ........................ False
0: [default0]:  use_mamba_mem_eff_path .......................... True
0: [default0]:  use_megatron_fsdp ............................... 
0: False
0: [default0]:  use_mp_args_from_checkpoint_args ................ False
0: [default0]:  use_one_sent_docs ............................... False
0: [default0]:  use_persistent_ckpt_worker ...................... False
0: [default0]:  use_precision_aware_optimizer ................... True
0: [default0]:  use_pytorch_profiler ............................ False
0: [default0]:  use_ring_exchange_p2p ........................... False
0: [default0]:  use_rope_scaling ................................ False
0: [default0]:  use_rotary_position_embeddings .................. False
0: [default0]:  use_sharp ....................................... False
0: [default0]:  use_te_activation_func .......................... False
0: [default0]:  use_tokenizer_model_from_checkpoint_args ........ True
0: [default0]:  use_torch_fsdp2 ................................. False
0: [default0]:  use_torch_optimizer_for_cpu_offload ............. False
0: [default0]:  use_tp_pp_dp_mapping ............................ False
0: [default0]:  v_head_dim ...................................... 128
0: [default0]:  valid_data_path ................................. None
0: [default0]:  variable_seq_lengths ............................ False
0: [default0]:  virtual_pipeline_model_parallel_size ............ None
0: [default0]:  vision_backbone_type ............................ vit
0: [default0]:  vision_pretraining .............................. False
0: [default0]:  vision_pretraining_type ......................... classify
0: [default0]:  vocab_extra_ids ................................. 0
0: [default0]:  vocab_file ...................................... /users/course_00306/Project/large-whale-ai/data/gpt2-vocab.json
0: [default0]:  vocab_size ...................................... None
0: [default0]:  wandb_entity .................................... None
0: [default0]:  wandb_exp_name .................................. None
0: [default0]:  wandb_project ................................... None
0: [default0]:  wandb_save_dir .................................. None
0: [default0]: 
0:  weight_decay .................................... 0.1
0: [default0]:  weight_decay_incr_style ......................... constant
0: [default0]:  wgrad_deferral_limit ............................ 0
0: [default0]:  window_attn_skip_freq ........................... None
0: [default0]:  window_size ..................................... None
0: [default0]:  world_size ...................................... 16
0: [default0]:  yaml_cfg ........................................ None
0: [default0]:-------------------- end of arguments ---------------------
0: [default0]:INFO:megatron.core.num_microbatches_calculator:setting number of microbatches to constant 32
0: [default0]:> building GPT2BPETokenizer tokenizer ...
0: [default0]:WARNING:megatron.core.datasets.megatron_tokenizer:You're using the legacy tokenizer system, which is deprecated and will be removed in a future release. Please migrate to the new tokenizer system (`megatron.core.tokenizers.MegatronTokenizer`).
0: [default0]: > padded vocab (size: 50257) with 431 dummy tokens (new size: 50688)
0: [default0]:WARNING:megatron.core.rerun_state_machine:RerunStateMachine initialized in mode RerunMode.VALIDATE_RESULTS
0: [default0]:> initializing torch distributed ...
0: [default2]:[W506 11:20:00.842495836 ProcessGroupNCCL.cpp:941] Warning: TORCH_NCCL_AVOID_RECORD_STREAMS is the default now, this environment variable is thus deprecated. (function operator())
0: [default3]:[W506 11:20:00.842495260 ProcessGroupNCCL.cpp:941] Warning: TORCH_NCCL_AVOID_RECORD_STREAMS is the default now, this environment variable is thus deprecated. (function operator())
0: [default1]:[W506 11:20:00.843580539 ProcessGroupNCCL.cpp:941] Warning: TORCH_NCCL_AVOID_RECORD_STREAMS is the default now, this environment variable is thus deprecated. (function operator())
0: [default0]:[W506 11:20:00.843665464 ProcessGroupNCCL.cpp:941] Warning: TORCH_NCCL_AVOID_RECORD_STREAMS is the default now, this environment variable is thus deprecated. (function operator())
2: [default2]:[W506 11:20:01.431046708 ProcessGroupNCCL.cpp:941] Warning: TORCH_NCCL_AVOID_RECORD_STREAMS is the default now, this environment variable is thus deprecated. (function operator())
2: [default1]:[W506 11:20:01.431046292 ProcessGroupNCCL.cpp:941] Warning: TORCH_NCCL_AVOID_RECORD_STREAMS is the default now, this environment variable is thus deprecated. (function operator())
2: [default0]:[W506 11:20:01.431046356 ProcessGroupNCCL.cpp:941] Warning: TORCH_NCCL_AVOID_RECORD_STREAMS is the default now, this environment variable is thus deprecated. (function operator())
2: [default3]:[W506 11:20:01.431046356 ProcessGroupNCCL.cpp:941] Warning: TORCH_NCCL_AVOID_RECORD_STREAMS is the default now, this environment variable is thus deprecated. (function operator())
3: [default3]:> setting tensorboard ...
3: [default3]:WARNING: one_logger package is required to enable e2e metrics tracking. please go to https://confluence.nvidia.com/display/MLWFO/Package+Repositories for details to install it
0: [default2]:[Gloo] Rank 0 is connected to 3 peer ranks. Expected number of connected peer ranks is : 3
0: [default2]:[Gloo] Rank 0 is connected to 3 peer ranks. Expected number of connected peer ranks is : 3
0: [default2]:[Gloo] Rank 0 is connected to 3 peer ranks. Expected number of connected peer ranks is : 3
3: [default3]:[W506 11:20:02.514612217 ProcessGroupNCCL.cpp:941] Warning: TORCH_NCCL_AVOID_RECORD_STREAMS is the default now, this environment variable is thus deprecated. (function operator())
3: [default2]:[Gloo] Rank 3 is connected to 3 peer ranks. Expected number of connected peer ranks is : 3
3: [default2]:[Gloo] Rank 3 is connected to 3 peer ranks. Expected number of connected peer ranks is : 3
3: [default2]:[Gloo] Rank 3 is connected to 3 peer ranks. Expected number of connected peer ranks is : 3
3: [default0]:[W506 11:20:02.498460239 ProcessGroupNCCL.cpp:941] Warning: TORCH_NCCL_AVOID_RECORD_STREAMS is the default now, this environment variable is thus deprecated. (function operator())
3: [default1]:[W506 11:20:02.520540012 ProcessGroupNCCL.cpp:941] Warning: TORCH_NCCL_AVOID_RECORD_STREAMS is the default now, this environment variable is thus deprecated. (function operator())
3: [default2]:[W506 11:20:02.517512420 ProcessGroupNCCL.cpp:941] Warning: TORCH_NCCL_AVOID_RECORD_STREAMS is the default now, this environment variable is thus deprecated. (function operator())
1: [default2]:[Gloo] Rank 1 is connected to 3 peer ranks. Expected number of connected peer ranks is : 3
1: [default2]:[Gloo] Rank 1 is connected to 3 peer ranks. Expected number of connected peer ranks is : 3
1: [default2]:[Gloo] Rank 1 is connected to 3 peer ranks. Expected number of connected peer ranks is : 3
2: [default2]:[Gloo] Rank 2 is connected to 3 peer ranks. Expected number of connected peer ranks is : 3
2: [default2]:[Gloo] Rank 2 is connected to 3 peer ranks. Expected number of connected peer ranks is : 3
2: [default2]:[Gloo] Rank 2 is connected to 3 peer ranks. Expected number of connected peer ranks is : 3
1: [default3]:[W506 11:20:04.683290263 ProcessGroupNCCL.cpp:941] Warning: TORCH_NCCL_AVOID_RECORD_STREAMS is the default now, this environment variable is thus deprecated. (function operator())
3: [default0]:[rank12]:[W506 11:20:04.724657281 ProcessGroupNCCL.cpp:5163] Guessing device ID based on global rank. This can cause a hang if rank to GPU mapping is heterogeneous. You can specify device_id in init_process_group()
3: [default0]:[Gloo] Rank 3 is connected to 3 peer ranks. Expected number of connected peer ranks is : 3
3: [default0]:[Gloo] Rank 3 is connected to 3 peer ranks. Expected number of connected peer ranks is : 3
3: [default0]:[Gloo] Rank 3 is connected to 3 peer ranks. Expected number of connected peer ranks is : 3
0: [default0]:[Gloo] Rank 0 is connected to 3 peer ranks. Expected number of connected peer ranks is : 3
0: [default0]:[Gloo] Rank 0 is connected to 3 peer ranks. Expected number of connected peer ranks is : 3
0: [default0]:[Gloo] Rank 0 is connected to 3 peer ranks. Expected number of connected peer ranks is : 3
0: [default0]:> initialized tensor model parallel with size 4
0: [default0]:> initialized pipeline model parallel with size 1
0: [default0]:> setting random seeds to 41 ...
0: [default0]:> compiling dataset index builder ...
0: [default0]:make: Entering directory '/users/course_00306/Project/large-whale-ai/Megatron-LM/megatron/core/datasets'
1: [default0]:[W506 11:20:04.683352982 ProcessGroupNCCL.cpp:941] Warning: TORCH_NCCL_AVOID_RECORD_STREAMS is the default now, this environment variable is thus deprecated. (function operator())
1: [default0]:[rank4]:[W506 11:20:04.722806613 ProcessGroupNCCL.cpp:5163] Guessing device ID based on global rank. This can cause a hang if rank to GPU mapping is heterogeneous. You can specify device_id in init_process_group()
1: [default0]:[Gloo] Rank 1 is connected to 3 peer ranks. Expected number of connected peer ranks is : 3
1: [default0]:[Gloo] Rank 1 is connected to 3 peer ranks. Expected number of connected peer ranks is : 3
1: [default0]:[Gloo] Rank 1 is connected to 3 peer ranks. Expected number of connected peer ranks is : 3
2: [default0]:[Gloo] Rank 2 is connected to 3 peer ranks. Expected number of connected peer ranks is : 3
2: [default0]:[Gloo] Rank 2 is connected to 3 peer ranks. Expected number of connected peer ranks is : 3
2: [default0]:[Gloo] Rank 2 is connected to 3 peer ranks. Expected number of connected peer ranks is : 3
2: [default0]:[rank8]:[W506 11:20:04.548873584 ProcessGroupNCCL.cpp:5163] Guessing device ID based on global rank. This can cause a hang if rank to GPU mapping is heterogeneous. You can specify device_id in init_process_group()
0: [default0]:g++ -O3 -Wall -shared -std=c++17 -fPIC -fdiagnostics-color -I/usr/include/python3.12 -I/usr/local/lib/python3.12/dist-packages/pybind11/include helpers.cpp -o helpers_cpp.cpython-312-aarch64-linux-gnu.so
0: [default1]:[Gloo] Rank 0 is connected to 3 peer ranks. Expected number of connected peer ranks is : 3
0: [default3]:[Gloo] Rank 0 is connected to 3 peer ranks. Expected number of connected peer ranks is : 3
0: [default3]:[Gloo] Rank 0 is connected to 3 peer ranks. Expected number of connected peer ranks is : 3
0: [default3]:[Gloo] Rank 0 is connected to 3 peer ranks. Expected number of connected peer ranks is : 3
3: [default3]:[Gloo] Rank 3 is connected to 3 peer ranks. Expected number of connected peer ranks is : 3
3: [default3]:[Gloo] Rank 3 is connected to 3 peer ranks. Expected number of connected peer ranks is : 3
3: [default3]:[Gloo] Rank 3 is connected to 3 peer ranks. Expected number of connected peer ranks is : 3
3: [default1]:[Gloo] Rank 3 is connected to 3 peer ranks. Expected number of connected peer ranks is : 3
1: [default1]:[Gloo] Rank 1 is connected to 3 peer ranks. Expected number of connected peer ranks is : 3
1: [default3]:[Gloo] Rank 1 is connected to 3 peer ranks. Expected number of connected peer ranks is : 3
1: [default3]:[Gloo] Rank 1 is connected to 3 peer ranks. Expected number of connected peer ranks is : 3
1: [default3]:[Gloo] Rank 1 is connected to 3 peer ranks. Expected number of connected peer ranks is : 3
2: [default1]:[Gloo] Rank 2 is connected to 3 peer ranks. Expected number of connected peer ranks is : 3
2: [default3]:[Gloo] Rank 2 is connected to 3 peer ranks. Expected number of connected peer ranks is : 3
2: [default3]:[Gloo] Rank 2 is connected to 3 peer ranks. Expected number of connected peer ranks is : 3
2: [default3]:[Gloo] Rank 2 is connected to 3 peer ranks. Expected number of connected peer ranks is : 3
0: [default0]:/usr/local/lib/python3.12/dist-packages/torch/distributed/c10d_logger.py:83: UserWarning: barrier(): using the device under current context. You can specify `device_id` in `init_process_group` to mute this warning.
0: [default0]:  return func(*args, **kwargs)
0: [default0]:[rank0]:[W506 11:20:10.150218429 ProcessGroupNCCL.cpp:5163] Guessing device ID based on global rank. This can cause a hang if rank to GPU mapping is heterogeneous. You can specify device_id in init_process_group()
0: [default0]:make: Leaving directory '/users/course_00306/Project/large-whale-ai/Megatron-LM/megatron/core/datasets'
0: [default0]:>>> done with dataset index builder. Compilation time: 6.232 seconds
0: [default0]:> compiling and loading fused kernels ...
0: [default1]:[Gloo] Rank 0 is connected to 3 peer ranks. Expected number of connected peer ranks is : 3
0: [default1]:[Gloo] Rank 0 is connected to 3 peer ranks. Expected number of connected peer ranks is : 3
3: [default1]:[Gloo] Rank 3 is connected to 3 peer ranks. Expected number of connected peer ranks is : 3
3: [default1]:[Gloo] Rank 3 is connected to 3 peer ranks. Expected number of connected peer ranks is : 3
1: [default1]:[Gloo] Rank 1 is connected to 3 peer ranks. Expected number of connected peer ranks is : 3
1: [default1]:[Gloo] Rank 1 is connected to 3 peer ranks. Expected number of connected peer ranks is : 3
2: [default1]:[Gloo] Rank 2 is connected to 3 peer ranks. Expected number of connected peer ranks is : 3
2: [default1]:[Gloo] Rank 2 is connected to 3 peer ranks. Expected number of connected peer ranks is : 3
0: [default0]:>>> done with compiling and loading fused kernels. Compilation time: 2.683 seconds
0: [default0]:time to initialize megatron (seconds): 21.342
0: [default0]:/usr/local/lib/python3.12/dist-packages/torch/distributed/c10d_logger.py:83: UserWarning: barrier(): using the device under current context. You can specify `device_id` in `init_process_group` to mute this warning.
0: [default0]:[after in-process setup and before initialize_megatron] datetime: 2026-05-06 11:19:59.746310 
0: [default0]:[after in-job setup and before initialize_megatron] datetime: 2026-05-06 11:19:59.778928 
0: [default0]:[before library-setup] datetime: 2026-05-06 11:19:29.903616
0: [default0]:[after library-setup] datetime: 2026-05-06 11:19:59.593738
0: [default0]:[before megatron-init] datetime: 2026-05-06 11:19:59.746309
0: [default0]:[after megatron is initialized] datetime: 2026-05-06 11:20:17.972918 
0: [default0]:building GPT model ...
0: [default0]:  return func(*args, **kwargs)
3: [default3]:INFO:megatron.core.timers:(min, max) time across ranks (ms):
3: [default3]:    startup-program-entry-spread ...................: (0.20, 24.60)
3: [default3]:    startup-library-setup ..........................: (28657.08, 32480.19)
3: [default3]:    startup-program-setup ..........................: (118.55, 154.36)
3: [default3]:    startup-in-process-setup .......................: (0.00, 0.00)
3: [default3]:    startup-in-job-setup ...........................: (32.22, 35.14)
3: [default3]:    startup-initialize-megatron ....................: (10504.04, 14318.01)
3: [default3]:    startup-set-jit-fusion-options .................: (4123.11, 4856.93)
3: [default3]:    all-reduce-start-timestamps-tensor .............: (1.75, 735.73)
3: [default3]:    startup-megatron-init-local ....................: (15396.17, 19208.90)
3: [default3]:    startup-megatron-init-global ...................: (48022.49, 48022.64)
0: [default0]: > number of parameters on (tensor, pipeline) model parallel rank (0, 0): 1848905728
0: [default0]:INFO:megatron.core.distributed.distributed_data_parallel:Setting up DistributedDataParallel with config DistributedDataParallelConfig(grad_reduce_in_fp32=False, overlap_grad_reduce=True, overlap_param_gather=True, align_param_gather=False, use_distributed_optimizer=True, num_distributed_optimizer_instances=1, check_for_nan_in_grad=False, check_for_large_grads=False, bucket_size=40000000, pad_buckets_for_high_nccl_busbw=False, reduce_scatter_with_fp32_accumulation=False, average_in_collective=False, fp8_param_gather=False, reuse_grad_buf_for_mxfp8_param_ag=False, use_megatron_fsdp=False, use_custom_fsdp=False, data_parallel_sharding_strategy='no_shard', gradient_reduce_div_fusion=True, suggested_communication_unit_size=None, preserve_fp32_weights=True, keep_fp8_transpose_cache=False, nccl_ub=False, fsdp_double_buffer=False, outer_dp_sharding_strategy='no_shard', disable_symmetric_registration=False, fsdp_
0: manual_registration=False, delay_wgrad_compute=False)
0: [default2]: > number of parameters on (tensor, pipeline) model parallel rank (2, 0): 1848905728
0: [default3]: > number of parameters on (tensor, pipeline) model parallel rank (3, 0): 1848905728
0: [default1]: > number of parameters on (tensor, pipeline) model parallel rank (1, 0): 1848905728
0: [default0]:INFO:megatron.core.distributed.param_and_grad_buffer:Number of buckets for gradient all-reduce / reduce-scatter: 34
0: [default0]:Params for bucket 1 (51904512 elements, 51904512 padded size):
0: [default0]:	module.output_layer.weight
0: [default0]:Params for bucket 2 (44044288 elements, 44044288 padded size):
0: [default0]:	module.decoder.final_layernorm.weight
0: [default0]:	module.decoder.layers.31.mlp.linear_fc2.weight
0: [default0]:	module.decoder.layers.31.mlp.linear_fc1.weight
0: [default0]:Params for bucket 3 (54534144 elements, 54534144 padded size):
0: [default0]:	module.decoder.layers.31.mlp.linear_fc1.layer_norm_weight
0: [default0]:	module.decoder.layers.30.mlp.linear_fc1.weight
0: [default0]:	module.decoder.layers.31.self_attention.linear_proj.weight
0: [default0]:	module.decoder.layers.31.self_attention.linear_qkv.weight
0: [default0]:	module.decoder.layers.31.self_attention.linear_qkv.layer_norm_weight
0: [default0]:	module.decoder.layers.30.mlp.linear_fc2.weight
0: [default0]:Params for bucket 4 (54534144 elements, 5453414
0: 4 padded size):
0: [default0]:	module.decoder.layers.30.mlp.linear_fc1.layer_norm_weight
0: [default0]:	module.decoder.layers.29.mlp.linear_fc1.weight
0: [default0]:	module.decoder.layers.30.self_attention.linear_qkv.layer_norm_weight
0: [default0]:	module.decoder.layers.30.self_attention.linear_qkv.weight
0: [default0]:	module.decoder.layers.30.self_attention.linear_proj.weight
0: [default0]:	module.decoder.layers.29.mlp.linear_fc2.weight
0: [default0]:Params for bucket 5 (54534144 elements, 54534144 padded size):
0: [default0]:	module.decoder.layers.29.mlp.linear_fc1.layer_norm_weight
0: [default0]:	module.decoder.layers.28.mlp.linear_fc1.weight
0: [default0]:	module.decoder.layers.29.self_attention.linear_qkv.weight
0: [default0]:	module.decoder.layers.29.self_attention.linear_proj.weight
0: [default0]:	module.decoder.layers.28.mlp.linear_fc2.weight
0: [default0]:	module.decoder.layers.29.self_attention.linear_qkv.layer_norm_weight
0: [default0]:Params for bucket 6 (54534144 elements, 54534144 padded size):
0: [default0]:	module.decoder.layers.28.mlp.linear_fc1.layer_norm_weight
0: [default0]:	module.decoder.layers.27.mlp.linear_fc1.weight
0: [default0]:	module.decoder.layers.28.self_attention.linear_proj.weight
0: [default0]:	module.decoder.layers.28.self_attention.linear_qkv.layer_norm_weight
0: [default0]:	module.decoder.layers.27.mlp.linear_fc2.weight
0: [default0]:	module.decoder.layers.28.self_attention.linear_qkv.weight
0: [default0]:Params for bucket 7 (54534144 elements, 54534144 padded size):
0: [default0]:	module.decoder.layers.27.mlp.linear_fc1.layer_norm_weight
0: [default0]:	module.decoder.layers.26.mlp.linear_fc1.weight
0: [default0]:	module.decoder.layers.27.self_attention.linear_qkv.weight
0: [default0]:	module.decoder.layers.27.self_attention.linear_proj.weight
0: [default0]:	module.decoder.layers.26.mlp.linear_fc2.weight
0: [default0]:	module.decoder.layers.27.self_attention.linear_qkv.layer_norm_weight
0: [default0]:Params for bucket 8 (54534144 elements, 54534144 padded size):
0: [default0]:	module.decoder.layers.26.mlp.linear_fc1.layer_norm_weight
0: [default0]:	module.decoder.layers.25.mlp.linear_fc1.weig
0: ht
0: [default0]:	module.decoder.layers.26.self_attention.linear_qkv.weight
0: [default0]:	module.decoder.layers.26.self_attention.linear_proj.weight
0: [default0]:	module.decoder.layers.25.mlp.linear_fc2.weight
0: [default0]:	module.decoder.layers.26.self_attention.linear_qkv.layer_norm_weight
0: [default0]:Params for bucket 9 (54534144 elements, 54534144 padded size):
0: [default0]:	module.decoder.layers.25.mlp.linear_fc1.layer_norm_weight
0: [default0]:	module.decoder.layers.24.mlp.linear_fc1.weight
0: [default0]:	module.decoder.layers.25.self_attention.linear_qkv.layer_norm_weight
0: [default0]:	module.decoder.layers.24.mlp.linear_fc2.weight
0: [default0]:	module.decoder.layers.25.self_attention.linear_qkv.weight
0: [default0]:	module.decoder.layers.25.self_attention.linear_proj.weight
0: [default0]:Params for bucket 10 (54534144 elements, 54534144 padded size):
0: [default0]:	module.decoder.layers.24.mlp.linear_fc1.layer_norm_weight
0: [default0]:	module.decoder.layers.23.mlp.linear_fc1.weight
0: [default0]:	module.decoder.layers.24.self_attention.linear_qkv.weight
0: [default0]:	module.decoder.layers.24.self_attention.linear_proj.weight
0: [default0]:	module.decoder.layers.23.mlp.linear_fc2.weight
0: [default0]:	module.decoder.layers.24.self_attention.linear_qkv.layer_norm_weight
0: [default0]:Params for bucket 11 (54534144 elements, 54534144 padded size):
0: [default0]:	module.decoder.layers.23.mlp.linear_fc1.layer_norm_weight
0: [default0]:	module.decoder.layers.22.mlp.linear_fc1.weight
0: [default0]:	module.decoder.layers.23.self_attention.linear_qkv.layer_norm_weight
0: [default0]:	module.decoder.layers.22.mlp.linear_fc2.weight
0: [default0]:	module.decoder.layers.23.self_attention.linear_qkv.weight
0: [default0]:	module.decoder.layers.23.self_attention.linear_proj.weight
0: [default0]:Params for bucket 12 (54534144 elements, 54534144 padded size):
0: [default0]:	module.decoder.layers.22.mlp.linear_fc1.layer_norm_weight
0: [default0]:	module.decoder.layers.21.mlp.linear_fc1.weight
0: [default0]:	module.decoder.layers.22.self_attention.linear_qkv.weight
0: [default0]:	module.decoder.layers.22.self_attention.li
0: near_proj.weight
0: [default0]:	module.decoder.layers.21.mlp.linear_fc2.weight
0: [default0]:	module.decoder.layers.22.self_attention.linear_qkv.layer_norm_weight
0: [default0]:Params for bucket 13 (54534144 elements, 54534144 padded size):
0: [default0]:	module.decoder.layers.21.mlp.linear_fc1.layer_norm_weight
0: [default0]:	module.decoder.layers.20.mlp.linear_fc1.weight
0: [default0]:	module.decoder.layers.21.self_attention.linear_proj.weight
0: [default0]:	module.decoder.layers.20.mlp.linear_fc2.weight
0: [default0]:	module.decoder.layers.21.self_attention.linear_qkv.layer_norm_weight
0: [default0]:	module.decoder.layers.21.self_attention.linear_qkv.weight
0: [default0]:Params for bucket 14 (54534144 elements, 54534144 padded size):
0: [default0]:	module.decoder.layers.20.mlp.linear_fc1.layer_norm_weight
0: [default0]:	module.decoder.layers.19.mlp.linear_fc1.weight
0: [default0]:	module.decoder.layers.20.self_attention.linear_proj.weight
0: [default0]:	module.decoder.layers.20.self_attention.linear_qkv.weight
0: [default0]:	module.decoder.layers.20.self_attention.linear_qkv.layer_norm_weight
0: [default0]:	module.decoder.layers.19.mlp.linear_fc2.weight
0: [default0]:Params for bucket 15 (54534144 elements, 54534144 padded size):
0: [default0]:	module.decoder.layers.19.mlp.linear_fc1.layer_norm_weight
0: [default0]:	module.decoder.layers.18.mlp.linear_fc1.weight
0: [default0]:	module.decoder.layers.19.self_attention.linear_qkv.weight
0: [default0]:	module.decoder.layers.19.self_attention.linear_proj.weight
0: [default0]:	module.decoder.layers.18.mlp.linear_fc2.weight
0: [default0]:	module.decoder.layers.19.self_attention.linear_qkv.layer_norm_weight
0: [default0]:Params for bucket 16 (54534144 elements, 54534144 padded size):
0: [default0]:	module.decoder.layers.18.mlp.linear_fc1.layer_norm_weight
0: [default0]:	module.decoder.layers.17.mlp.linear_fc1.weight
0: [default0]:	module.decoder.layers.18.self_attention.linear_proj.weight
0: [default0]:	module.decoder.layers.18.self_attention.linear_qkv.layer_norm_weight
0: [default0]:	module.decoder.layers.17.mlp.linear_fc2.weight
0: [default0]:	module.decoder.layers.18.self_attention.linear_qkv.weight
0: [default0]:Params for bucket 17 (54534144 elements, 54534144 padded size):
0: [default0]:	module.decoder.layers.17.mlp.linear_fc1.layer_norm_weight
0: [default0]:	module.decoder.layers.16.mlp.linear_fc1.weight
0: [default0]:	module.decoder.layers.17.self_attention.linear_qkv.weight
0: [default0]:	module.decoder.layers.17.self_attention.linear_proj.weight
0: [default0]:	module.decoder.layers.16.mlp.linear_fc2.weight
0: [default0]:	module.decoder.layers.17.self_attention.linear_qkv.layer_norm_weight
0: [default0]:Params for bucket 18 (54534144 elements, 54534144 padded size):
0: [default0]:	module.decoder.layers.16.mlp.linear_fc1.layer_norm_weight
0: [default0]:	module.decoder.layers.15.mlp.linear_fc1.weight
0: [default0]:	module.decoder.layers.15.mlp.linear_fc2.weight
0: [default0]:	module.decoder.layers.16.self_attention.linear_qkv.layer_norm_weight
0: [default0]:	module.decoder.layers.16.self_attention.linear_proj.weight
0: [default0]:	module.decoder.layers.16.self_attention.linear_qkv.weight
0: [default0]:Params for bucket 19 (54534144 elements, 54534144 padded size):
0: [default0]:	module.decoder.layers.15.mlp.linear_fc1.layer_norm_weight
0: [default0]:	module.decoder.layers.14.mlp.linear_fc1.weight
0: [default0]:	module.decoder.layers.15.self_attention.linear_qkv.weight
0: [default0]:	module.decoder.layers.15.self_attention.linear_proj.weight
0: [default0]:	module.decoder.layers.14.mlp.linear_fc2.weight
0: [default0]:	module.decoder.layers.15.self_attention.linear_qkv.layer_norm_weight
0: [default0]:Params for bucket 20 (54534144 elements, 54534144 padded size):
0: [default0]:	module.decoder.layers.14.mlp.linear_fc1.layer_norm_weight
0: [default0]:	module.decoder.layers.13.mlp.linear_fc1.weight
0: [default0]:	module.decoder.layers.14.self_attention.linear_qkv.weight
0: [default0]:	module.decoder.layers.14.self_attention.linear_proj.weight
0: [default0]:	module.decoder.layers.13.mlp.linear_fc2.weight
0: [default0]:	module.decoder.layers.14.self_attention.linear_qkv.layer_norm_weight
0: [default0]:Params for bucket 21 (54534144 elements, 54534144 padded size):
0: [default0]:	module.decoder.layers.13.mlp.linear_fc1.layer_norm_weight
0: [default0]:	module.decoder.layers.12.mlp.linear_fc1.weight
0: [default0]:	module.decoder.layers.13.self_attention.linear_qkv.layer_norm_weight
0: [default0]:	module.decoder.layers.12.mlp.linear_fc2.weight
0: [default0]:	module.decoder.layers.13.self_attention.linear_qkv.weight
0: [default0]:	module.decoder.layers.13.self_attention.linear_proj.weight
0: [default0]:Params for bucket 22 (54534144 elements, 54534144 padded size):
0: [default0]:	module.decoder.layers.12.mlp.linear_fc1.layer_norm_weight
0: [default0]:	module.decoder.layers.11.mlp.linear_fc1.weight
0: [default0]:	module.decoder.layers.12.self_attention.linear_qkv.weight
0: [default0]:	module.decoder.layers.12.self_attention.linear_proj.weight
0: [default0]:	module.decoder.layers.11.mlp.linear_fc2.weight
0: [default0]:	module.decoder.layers.12.self_attention.linear_qkv.layer_norm_weight
0: [default0]:Params for bucket 23 (54534144 elements, 54534144 padded size):
0: [default0]:	module.decoder.layers.11.mlp.linear_fc1.layer_norm_weight
0: [default0]:	module.decoder.layers.10.mlp.linear_fc1.weight
0: [default0]:	module.decoder.layers.11.self_attention.linear_qkv.layer_norm_weight
0: [default0]:	module.decoder.layers.11.self_attention.linear_qkv.weight
0: [default0]:	module.decoder.layers.10.mlp.linear_fc2.weight
0: [default0]:	module.decoder.layers.11.self_attention.linear_proj.weight
0: [default0]:Params for bucket 24 (54534144 elements, 54534144 padded size):
0: [default0]:	module.decoder.layers.10.mlp.linear_fc1.layer_norm_weight
0: [default0]:	module.decoder.layers.9.mlp.linear_fc2.weight
0: [default0]:	module.decoder.layers.10.self_attention.linear_qkv.weight
0: [default0]:	module.decoder.layers.10.self_attention.linear_proj.weight
0: [default0]:	module.decoder.layers.10.self_attention.linear_qkv.layer_norm_weight
0: [default0]:	module.decoder.layers.9.mlp.linear_fc1.weight
0: [default0]:Params for bucket 25 (54534144 elements, 54534144 padded size):
0: [default0]:	module.decoder.layers.9.self_attention.linear_qkv.weight
0: [default0]:	module.decoder.layers.9.self_attention.linear_proj.weight
0: [default0]:	module.decoder.layers.8.mlp.linear_fc2.weight
0: [default0]:	module.decoder.layers.9.self_attention.linear_qkv.layer_norm_weight
0: [default0]:	module.decoder.layers.9.mlp.linear_fc1.layer_norm_weight
0: [default0]:	module.decoder.layers.8.mlp.linear_fc1.weight
0: [default0]:Params for bucket 26 (54534144 elements, 54534144 padded size):
0: [default0]:	module.decoder.layers.8.self_attention.linear_proj.weight
0: [default0]:	module.decoder.layers.8.self_attention.linear_qkv.weight
0: [default0]:	module.decoder.layers.8.self_attention.linear_qkv.layer_norm_weight
0: [default0]:	module.decoder.layers.7.mlp.linear_fc1.weight
0: [default0]:	module.decoder.layers.8.mlp.linear_fc1.layer_norm_weight
0: [default0]:	module.decoder.layers.7.mlp.linear_fc2.weight
0: [default0]:Params for bucket 27 (54534144 elements, 54534144 padded size):
0: [default0]:	module.decoder.layers.7.mlp.linear_fc1.layer_norm_weight
0: [default0]:	module.decoder.layers.6.mlp.linear_fc2.weight
0: [default0]:	module.decoder.layers.6.mlp.linear_fc1.weight
0: [default0]:	module.decoder.layers.7.self_attention.linear_qkv.layer_norm_weight
0: [default0]:	module.decoder.layers.7.self_attention.linear_proj.weight
0: [default0]:	module.decoder.layers.7.self_attention.linear_qkv.weight
0: [default0]:Params for bucket 28 (54534144 elements, 54534144 padded size):
0: [default0]:	module.decoder.layers.6.self_attention.linear_qkv.layer_norm_weight
0: [default0]:	module.decoder.layers.6.self_attention.linear_proj.weight
0: [default0]:	module.decoder.layers.6.self_attention.linear_qkv.weight
0: [default0]:	module.decoder.layers.6.mlp.linear_fc1.layer_norm_weight
0: [default0]:	module.decoder.layers.5.mlp.linear_fc2.weight
0: [default0]:	module.decoder.layers.5.mlp.linear_fc1.weight
0: [default0]:Params for bucket 29 (54534144 elements, 54534144 padded size):
0: [default0]:	module.decoder.layers.4.mlp.linear_fc2.weight
0: [default0]:	module.decoder.layers.5.self_attention.linear_qkv.weight
0: [default0]:	module.decoder.layers.5.self_attention.linear_proj.weight
0: [default0]:	module.decoder.layers.5.mlp.linear_fc1.layer_norm_weight
0: [default0]:	module.decoder.layers.5.self_attention.linear_qkv.layer_norm_weight
0: [default0]:	module.decoder.layers.4.mlp.linear_fc1.weight
0: [default0]:Params for bucket 30 (54534144 elements, 54534144 padde
0: d size):
0: [default0]:	module.decoder.layers.4.mlp.linear_fc1.layer_norm_weight
0: [default0]:	module.decoder.layers.4.self_attention.linear_qkv.layer_norm_weight
0: [default0]:	module.decoder.layers.3.mlp.linear_fc2.weight
0: [default0]:	module.decoder.layers.4.self_attention.linear_qkv.weight
0: [default0]:	module.decoder.layers.4.self_attention.linear_proj.weight
0: [default0]:	module.decoder.layers.3.mlp.linear_fc1.weight
0: [default0]:Params for bucket 31 (54534144 elements, 54534144 padded size):
0: [default0]:	module.decoder.layers.3.mlp.linear_fc1.layer_norm_weight
0: [default0]:	module.decoder.layers.3.self_attention.linear_proj.weight
0: [default0]:	module.decoder.layers.3.self_attention.linear_qkv.layer_norm_weight
0: [default0]:	module.decoder.layers.2.mlp.linear_fc2.weight
0: [default0]:	module.decoder.layers.3.self_attention.linear_qkv.weight
0: [default0]:	module.decoder.layers.2.mlp.linear_fc1.weight
0: [default0]:Params for bucket 32 (54534144 elements, 54534144 padded size):
0: [default0]:	module.decoder.layers.2.mlp.linear_fc1.layer_norm_weight
0: [default0]:	module.decoder.layers.2.self_attention.linear_qkv.weight
0: [default0]:	module.decoder.layers.2.self_attention.linear_qkv.layer_norm_weight
0: [default0]:	module.decoder.layers.1.mlp.linear_fc2.weight
0: [default0]:	module.decoder.layers.2.self_attention.linear_proj.weight
0: [default0]:	module.decoder.layers.1.mlp.linear_fc1.weight
0: [default
0: 0]:Params for bucket 33 (54534144 elements, 54534144 padded size):
0: [default0]:	module.decoder.layers.1.self_attention.linear_qkv.layer_norm_weight
0: [default0]:	module.decoder.layers.1.self_attention.linear_qkv.weight
0: [default0]:	module.decoder.layers.0.mlp.linear_fc2.weight
0: [default0]:	module.decoder.layers.0.mlp.linear_fc1.weight
0: [default0]:	module.decoder.layers.1.mlp.linear_fc1.layer_norm_weight
0: [default0]:	module.decoder.layers.1.self_attention.linear_proj.weight
0: [default0]:Params for bucket 34 (62398464 elements, 62398464 padded size):
0: [default0]:	module.decoder.layers.0.self_attention.linear_qkv.weight
0: [default0]:	module.embedding.word_embeddings.weight
0: [default0]:	module.decoder.layers.0.mlp.linear_fc1.layer_norm_weight
0: [default0]:	module.decoder.layers.0.self_attention.linear_qkv.layer_norm_weight
0: [default0]:	module.decoder.layers.0.self_attention.linear_proj.weight
0: [default0]:INFO:megatron.core.optimizer:Setting up optimizer with config AdamOptimizerConfig(lr=0.0003, min_lr=0.0, decoupled_lr=None, decoupled_min_lr=None, weight_decay=0.1, apply_wd_to_qk_layernorm=False, fp8_recipe='delayed', fp16=False, bf16=True, reuse_grad_buf_for_mxfp8_param_ag=False, params_dtype=torch.bfloat16, use_precision_aware_optimizer=True, store_param_remainders=True, main_grads_dtype=torch.bfloat16, main_params_dtype=torch.float32, exp_avg_dtype=torch.float32, exp_avg_sq_dtype=torch.float32, optimizer='adam', loss_scale=None, initial_loss_scale=4294967296, min_loss_scale=1.0, loss_scale_window=1000, hysteresis=2, adam_beta1=0.9, adam_beta2=0.95, adam_eps=1e-08, decoupled_weight_decay=True, sgd_momentum=0.9, muon_momentum=0.9, muon_split_qkv=True, muon_use_nesterov=False, muon_scale_mode='spectral', muon_fp32_matmul_prec='medium', muon_num_ns_steps=5, muon_tp_mode='blockwise', muon_extra_scale_factor=1.0, use_distributed_optimizer=True, overlap_param_gather=True, overlap_param_gather_with_opt
0: imizer_step=False, optimizer_cpu_offload=False, optimizer_offload_fraction=1.0, use_torch_optimizer_for_cpu_offload=False, overlap_cpu_optimizer_d2h_h2d=False, pin_cpu_grads=True, pin_cpu_params=True, clip_grad=1.0, log_num_zeros_in_grad=False, barrier_with_L1_time=True, timers=<megatron.core.timers.Timers object at 0x4005332c4aa0>, config_logger_dir='')
0: [default0]:INFO:megatron.core.optimizer_param_scheduler:> learning rate decay style: constant
0: [default0]:[after model, optimizer, and learning rate scheduler are built] datetime: 2026-05-06 11:20:18.259970 
0: [default0]:> building train, validation, and test datasets ...
0: [default0]: > datasets target sizes (minimum size):
0: [default0]:    train:      64000
0: [default0]:    validation: 0
0: [default0]:    test:       0
0: [default0]:INFO:megatron.core.datasets.blended_megatron_dataset_config:Let split_matrix = [(0, 0.99), (0.99, 1.0), None]
0: [default0]:> building train, validation, and test datasets for GPT ...
0: [default0]:INFO:megatron.core.datasets.blended_megatron_dataset_builder:Building GPTDataset splits with sizes=(64000, 0, 0) and config=GPTDatasetConfig(random_seed=41, sequence_length=4096, blend=(['/capstor/store/cscs/swissai/infra01/datasets/nvidia/Nemotron-ClimbMix/climbmix_small_megatron/climbmix_small'], None), blend_per_split=None, multiple_validation_sets=False, full_validation=False, split='99,1,0', split_matrix=[(0, 0.99), (0.99, 1.0), None], num_dataset_builder_threads=1, path_to_cache='/users/course_00306/scratch/gipfelsturm/dataset_cache', mmap_bin_files=True, mock=False, tokenizer=<megatron.core.tokenizers.text.models.default_tokenizer.DefaultTokenizerText object at 0x40064bff0110>, mid_level_dataset_surplus=0.005, allow_ambiguous_pad_tokens=False, fast_cache_load=False, defer_npy_index_mmap=False, reset_pos
0: ition_ids=False, reset_attention_mask=False, eod_mask_loss=False, create_attention_mask=True, drop_last_partial_validation_sequence=True, add_extra_token_to_sequence=True, object_storage_cache_path=None, data_parallel_size=4, sequence_parallel_size=0, hybrid_context_parallel=False, sequences_per_dataset=None, token_dtype_code=8, context_parallel_size=1)
0: [default0]:INFO:megatron.core.datasets.indexed_dataset:Load the _IndexReader from /capstor/store/cscs/swissai/infra01/datasets/nvidia/Nemotron-ClimbMix/climbmix_small_megatron/climbmix_small.idx
0: [default0]:INFO:megatron.core.datasets.indexed_dataset:	Extract the sequence lengths
0: [default0]:INFO:megatron.core.datasets.indexed_dataset:	Extract the sequence pointers
0: [default0]:INFO:megatron.core.datasets.indexed_dataset:	Extract the document indices
0: [default0]:INFO:megatron.core.datasets.indexed_dataset:> total number of sequences: 48965906
0: [default0]:INFO:megatron.core.datasets.indexed_dataset:> total number of documents: 48965906
0: [default0]:INFO:megatron.core.datasets.gpt_dataset:Build and save the GPTDataset train indices
0: [default0]:INFO:megatron.core.datasets.gpt_dataset:> total number of samples: 8612827
0: [default0]:INFO:megatron.core.datasets.gpt_dataset:> total number of epochs: 1
0: [default0]:INFO:megatron.core.datasets.gpt_dataset:Build and save the GPTDataset valid indices
0: [default0]:INFO:megatron.core.datasets.gpt_dataset:> total number of samples: 61644
0: [default0]:INFO:megatron.core.datasets.gpt_dataset:> total number of epochs: 1
0: [default0]:> finished creating GPT datasets ...
0: [default0]:[after dataloaders are built] datetime: 2026-05-06 11:20:27.079656 
0: [default0]:done with setup ...
0: [default0]:training ...
0: [default0]:Overwriting rerun_state_machine.current_iteration from -1 to 0...
3: [default3]:INFO:megatron.core.timers:(min, max) time across ranks (ms):
3: [default3]:    model-and-optimizer-setup ......................: (286.11, 286.44)
3: [default3]:    train/valid/test-data-iterators-setup ..........: (8726.76, 8817.58)
0: [default0]:[before the start of training step] datetime: 2026-05-06 11:20:27.152908 
0: [default0]:/users/course_00306/Project/large-whale-ai/Megatron-LM/megatron/core/pipeline_parallel/schedules.py:189: UserWarning: The AccumulateGrad node's stream does not match the stream of the node that produced the incoming gradient. This may incur unnecessary synchronization and break CUDA graph capture if the AccumulateGrad node's stream is the default stream. This mismatch is caused by an AccumulateGrad node created prior to the current iteration being kept alive. This can happen if the autograd graph is still being kept alive by tensors such as the loss, or if you are using DDP, which will stash a reference to the node. To resolve the mismatch, delete all references to the autograd graph or ensure that DDP initialization is performed under the same stream as subsequent forwards. If the mismatch is intentional, you can use torch.autograd.graph.set_warn_on_accumulate_grad_stream_mismatch(False) to suppress this warning. (Triggered internally at /opt/pytorch/pytorch/torch/csrc/autograd/input_buffer.cpp:24
0: 0.)
0: [default0]:  Variable._execution_engine.run_backward(
0: [default0]:Number of parameters in transformer block in billions:  6.98
0: [default0]:Number of parameters in embedding layers in billions: 0.42
0: [default0]:Total number of parameters in billions: 7.39
0: [default0]:Number of parameters in most loaded shard in billions: 1.8487
0: [default0]:compute_activation_memory_without_sp
0: [default0]:Activation memory footprint per transformer layer (precise, without SP): 512.0 MB
0: [default0]:Theoretical memory footprints: weight and optimizer=15867.57 MB, activation=17511.97 MB, total=33379.54 MB
0: [default0]:
0: [default0]:[Rank 0] (after 1 iterations) memory (MB) | allocated: 11763.92 | max allocated: 23362.66 | reserved: 23910.00 | max reserved: 23910.00
0: [default1]:[Rank 1] (after 1 iterations) memory (MB) | allocated: 11763.92 | max allocated: 23362.66 | reserved: 23910.00 | max reserved: 23910.00
0: [default0]:/usr/local/lib/python3.12/dist-packages/torch/distributed/c10d_logger.py:83: UserWarning: barrier(): using the device under current context. You can specify `device_id` in `init_process_group` to mute this warning.
0: [default0]:  return func(*args, **kwargs)
0: [default2]:[Rank 2] (after 1 iterations) memory (MB) | allocated: 11763.92 | max allocated: 23362.66 | reserved: 23910.00 | max reserved: 23910.00
0: [default3]:[Rank 3] (after 1 iterations) memory (MB) | allocated: 11763.92 | max allocated: 23362.66 | reserved: 23910.00 | max reserved: 23910.00
3: [default3]: [2026-05-06 11:20:43.934994] iteration        1/     250 | consumed samples:          256 | elapsed time per iteration (ms): 16781.4 | throughput per GPU (TFLOP/s/GPU): 181.0 | tokens/sec/GPU: 3905 | learning rate: 1.500000E-05 | global batch size:   256 | lm loss: 1.166298E+01 | loss scale: 1.0 | grad norm: 11.538 | number of skipped iterations:   0 | number of nan iterations:   0 |
0: [default0]:Number of parameters in transformer block in billions:  6.98
0: [default0]:Number of parameters in embedding layers in billions: 0.42
0: [default0]:Total number of parameters in billions: 7.39
0: [default0]:Number of parameters in most loaded shard in billions: 1.8487
0: [default0]:compute_activation_memory_without_sp
0: [default0]:Activation memory footprint per transformer layer (precise, without SP): 512.0 MB
0: [default0]:Theoretical memory footprints: weight and optimizer=15867.57 MB, activation=17511.97 MB, total=33379.54 MB
0: [default0]:
0: [default0]:[Rank 0] (after 2 iterations) memory (MB) | allocated: 11763.92 | max allocated: 27772.75 | reserved: 28626.00 | max reserved: 28626.00
0: [default2]:[Rank 2] (after 2 iterations) memory (MB) | allocated: 11763.92 | max allocated: 27772.75 | reserved: 28626.00 | max reserved: 28626.00
0: [default1]:[Rank 1] (after 2 iterations) memory (MB) | allocated: 11763.92 | max allocated: 27772.75 | reserved: 28626.00 | max reserved: 28626.00
0: [default3]:[Rank 3] (after 2 iterations) memory (MB) | allocated: 11763.92 | max allocated: 27772.75 | reserved: 28626.00 | max reserved: 28626.00
3: [default3]: [2026-05-06 11:20:52.864368] iteration        2/     250 | consumed samples:          512 | elapsed time per iteration (ms): 12855.3 | throughput per GPU (TFLOP/s/GPU): 236.3 | tokens/sec/GPU: 5098 | learning rate: 3.000000E-05 | global batch size:   256 | lm loss: 1.166646E+01 | loss scale: 1.0 | grad norm: 11.791 | number of skipped iterations:   0 | number of nan iterations:   0 |
3: [default3]: [2026-05-06 11:21:03.444547] iteration        3/     250 | consumed samples:          768 | elapsed time per iteration (ms): 10580.0 | throughput per GPU (TFLOP/s/GPU): 287.1 | tokens/sec/GPU: 6194 | learning rate: 4.500000E-05 | global batch size:   256 | lm loss: 1.076780E+01 | loss scale: 1.0 | grad norm: 75.374 | number of skipped iterations:   0 | number of nan iterations:   0 |
3: [default3]: [2026-05-06 11:21:11.823233] iteration        4/     250 | consumed samples:         1024 | elapsed time per iteration (ms): 8378.5 | throughput per GPU (TFLOP/s/GPU): 362.5 | tokens/sec/GPU: 7822 | learning rate: 6.000000E-05 | global batch size:   256 | lm loss: 1.250744E+01 | loss scale: 1.0 | grad norm: 37.627 | number of skipped iterations:   0 | number of nan iterations:   0 |
3: [default3]: [2026-05-06 11:21:20.334508] iteration        5/     250 | consumed samples:         1280 | elapsed time per iteration (ms): 8511.1 | throughput per GPU (TFLOP/s/GPU): 356.8 | tokens/sec/GPU: 7700 | learning rate: 7.500000E-05 | global batch size:   256 | lm loss: 1.404799E+01 | loss scale: 1.0 | grad norm: 276.304 | number of skipped iterations:   0 | number of nan iterations:   0 |
3: [default3]: [2026-05-06 11:21:29.867471] iteration        6/     250 | consumed samples:         1536 | elapsed time per iteration (ms): 9532.8 | throughput per GPU (TFLOP/s/GPU): 318.6 | tokens/sec/GPU: 6875 | learning rate: 9.000000E-05 | global batch size:   256 | lm loss: 2.843735E+01 | loss scale: 1.0 | grad norm: 253.232 | number of skipped iterations:   0 | number of nan iterations:   0 |
3: [default3]: [2026-05-06 11:21:39.250544] iteration        7/     250 | consumed samples:         1792 | elapsed time per iteration (ms): 9382.9 | throughput per GPU (TFLOP/s/GPU): 323.7 | tokens/sec/GPU: 6985 | learning rate: 1.050000E-04 | global batch size:   256 | lm loss: 1.502393E+01 | loss scale: 1.0 | grad norm: 84.655 | number of skipped iterations:   0 | number of nan iterations:   0 |
3: [default3]: [2026-05-06 11:21:47.737603] iteration        8/     250 | consumed samples:         2048 | elapsed time per iteration (ms): 8486.9 | throughput per GPU (TFLOP/s/GPU): 357.9 | tokens/sec/GPU: 7722 | learning rate: 1.200000E-04 | global batch size:   256 | lm loss: 1.427778E+01 | loss scale: 1.0 | grad norm: 90.957 | number of skipped iterations:   0 | number of nan iterations:   0 |
3: [default3]: [2026-05-06 11:21:56.744855] iteration        9/     250 | consumed samples:         2304 | elapsed time per iteration (ms): 9007.1 | throughput per GPU (TFLOP/s/GPU): 337.2 | tokens/sec/GPU: 7276 | learning rate: 1.350000E-04 | global batch size:   256 | lm loss: 1.405728E+01 | loss scale: 1.0 | grad norm: 50.399 | number of skipped iterations:   0 | number of nan iterations:   0 |
3: [default3]: [2026-05-06 11:22:05.226975] iteration       10/     250 | consumed samples:         2560 | elapsed time per iteration (ms): 8481.9 | throughput per GPU (TFLOP/s/GPU): 358.1 | tokens/sec/GPU: 7727 | learning rate: 1.500000E-04 | global batch size:   256 | lm loss: 1.323511E+01 | loss scale: 1.0 | grad norm: 27.791 | number of skipped iterations:   0 | number of nan iterations:   0 |
3: [default3]: [2026-05-06 11:22:14.570809] iteration       11/     250 | consumed samples:         2816 | elapsed time per iteration (ms): 9343.7 | throughput per GPU (TFLOP/s/GPU): 325.0 | tokens/sec/GPU: 7014 | learning rate: 1.650000E-04 | global batch size:   256 | lm loss: 1.364299E+01 | loss scale: 1.0 | grad norm: 61.392 | number of skipped iterations:   0 | number of nan iterations:   0 |
3: [default3]: [2026-05-06 11:22:23.730752] iteration       12/     250 | consumed samples:         3072 | elapsed time per iteration (ms): 9159.8 | throughput per GPU (TFLOP/s/GPU): 331.6 | tokens/sec/GPU: 7155 | learning rate: 1.800000E-04 | global batch size:   256 | lm loss: 1.194480E+01 | loss scale: 1.0 | grad norm: 15.279 | number of skipped iterations:   0 | number of nan iterations:   0 |
3: [default3]: [2026-05-06 11:22:32.868135] iteration       13/     250 | consumed samples:         3328 | elapsed time per iteration (ms): 9137.2 | throughput per GPU (TFLOP/s/GPU): 332.4 | tokens/sec/GPU: 7172 | learning rate: 1.950000E-04 | global batch size:   256 | lm loss: 1.086595E+01 | loss scale: 1.0 | grad norm: 23.840 | number of skipped iterations:   0 | number of nan iterations:   0 |
3: [default3]: [2026-05-06 11:22:41.575384] iteration       14/     250 | consumed samples:         3584 | elapsed time per iteration (ms): 8707.0 | throughput per GPU (TFLOP/s/GPU): 348.8 | tokens/sec/GPU: 7527 | learning rate: 2.100000E-04 | global batch size:   256 | lm loss: 1.031202E+01 | loss scale: 1.0 | grad norm: 13.075 | number of skipped iterations:   0 | number of nan iterations:   0 |
3: [default3]: [2026-05-06 11:22:51.700256] iteration       15/     250 | consumed samples:         3840 | elapsed time per iteration (ms): 10124.7 | throughput per GPU (TFLOP/s/GPU): 300.0 | tokens/sec/GPU: 6473 | learning rate: 2.250000E-04 | global batch size:   256 | lm loss: 1.170726E+01 | loss scale: 1.0 | grad norm: 45.121 | number of skipped iterations:   0 | number of nan iterations:   0 |
3: [default3]: [2026-05-06 11:23:02.696160] iteration       16/     250 | consumed samples:         4096 | elapsed time per iteration (ms): 10995.7 | throughput per GPU (TFLOP/s/GPU): 276.2 | tokens/sec/GPU: 5960 | learning rate: 2.400000E-04 | global batch size:   256 | lm loss: 1.084136E+01 | loss scale: 1.0 | grad norm: 24.662 | number of skipped iterations:   0 | number of nan iterations:   0 |
3: [default3]: [2026-05-06 11:23:12.300900] iteration       17/     250 | consumed samples:         4352 | elapsed time per iteration (ms): 9604.5 | throughput per GPU (TFLOP/s/GPU): 316.2 | tokens/sec/GPU: 6824 | learning rate: 2.550000E-04 | global batch size:   256 | lm loss: 1.067978E+01 | loss scale: 1.0 | grad norm: 5.287 | number of skipped iterations:   0 | number of nan iterations:   0 |
3: [default3]: [2026-05-06 11:23:20.841306] iteration       18/     250 | consumed samples:         4608 | elapsed time per iteration (ms): 8540.2 | throughput per GPU (TFLOP/s/GPU): 355.6 | tokens/sec/GPU: 7674 | learning rate: 2.700000E-04 | global batch size:   256 | lm loss: 9.687616E+00 | loss scale: 1.0 | grad norm: 5.851 | number of skipped iterations:   0 | number of nan iterations:   0 |
3: [default3]: [2026-05-06 11:23:30.181559] iteration       19/     250 | consumed samples:         4864 | elapsed time per iteration (ms): 9340.1 | throughput per GPU (TFLOP/s/GPU): 325.2 | tokens/sec/GPU: 7017 | learning rate: 2.850000E-04 | global batch size:   256 | lm loss: 1.260595E+01 | loss scale: 1.0 | grad norm: 61.490 | number of skipped iterations:   0 | number of nan iterations:   0 |
3: [default3]: [2026-05-06 11:23:39.858969] iteration       20/     250 | consumed samples:         5120 | elapsed time per iteration (ms): 9677.2 | throughput per GPU (TFLOP/s/GPU): 313.8 | tokens/sec/GPU: 6772 | learning rate: 3.000000E-04 | global batch size:   256 | lm loss: 1.044299E+01 | loss scale: 1.0 | grad norm: 49.610 | number of skipped iterations:   0 | number of nan iterations:   0 |
3: [default3]: [2026-05-06 11:23:48.375094] iteration       21/     250 | consumed samples:         5376 | elapsed time per iteration (ms): 8516.0 | throughput per GPU (TFLOP/s/GPU): 356.6 | tokens/sec/GPU: 7696 | learning rate: 3.000000E-04 | global batch size:   256 | lm loss: 9.727354E+00 | loss scale: 1.0 | grad norm: 22.490 | number of skipped iterations:   0 | number of nan iterations:   0 |
3: [default3]: [2026-05-06 11:23:57.866816] iteration       22/     250 | consumed samples:         5632 | elapsed time per iteration (ms): 9491.6 | throughput per GPU (TFLOP/s/GPU): 320.0 | tokens/sec/GPU: 6905 | learning rate: 3.000000E-04 | global batch size:   256 | lm loss: 9.302327E+00 | loss scale: 1.0 | grad norm: 5.590 | number of skipped iterations:   0 | number of nan iterations:   0 |
3: [default3]: [2026-05-06 11:24:07.696219] iteration       23/     250 | consumed samples:         5888 | elapsed time per iteration (ms): 9829.2 | throughput per GPU (TFLOP/s/GPU): 309.0 | tokens/sec/GPU: 6667 | learning rate: 3.000000E-04 | global batch size:   256 | lm loss: 8.958269E+00 | loss scale: 1.0 | grad norm: 4.383 | number of skipped iterations:   0 | number of nan iterations:   0 |
3: [default3]: [2026-05-06 11:24:16.730075] iteration       24/     250 | consumed samples:         6144 | elapsed time per iteration (ms): 9033.7 | throughput per GPU (TFLOP/s/GPU): 336.2 | tokens/sec/GPU: 7255 | learning rate: 3.000000E-04 | global batch size:   256 | lm loss: 9.115671E+00 | loss scale: 1.0 | grad norm: 23.943 | number of skipped iterations:   0 | number of nan iterations:   0 |
3: [default3]: [2026-05-06 11:24:25.089187] iteration       25/     250 | consumed samples:         6400 | elapsed time per iteration (ms): 8358.9 | throughput per GPU (TFLOP/s/GPU): 363.3 | tokens/sec/GPU: 7840 | learning rate: 3.000000E-04 | global batch size:   256 | lm loss: 8.911520E+00 | loss scale: 1.0 | grad norm: 24.790 | number of skipped iterations:   0 | number of nan iterations:   0 |
3: [default3]: [2026-05-06 11:24:34.105344] iteration       26/     250 | consumed samples:         6656 | elapsed time per iteration (ms): 9016.0 | throughput per GPU (TFLOP/s/GPU): 336.9 | tokens/sec/GPU: 7269 | learning rate: 3.000000E-04 | global batch size:   256 | lm loss: 8.482983E+00 | loss scale: 1.0 | grad norm: 6.334 | number of skipped iterations:   0 | number of nan iterations:   0 |
3: [default3]: [2026-05-06 11:24:42.088851] iteration       27/     250 | consumed samples:         6912 | elapsed time per iteration (ms): 7983.3 | throughput per GPU (TFLOP/s/GPU): 380.4 | tokens/sec/GPU: 8209 | learning rate: 3.000000E-04 | global batch size:   256 | lm loss: 8.476494E+00 | loss scale: 1.0 | grad norm: 11.244 | number of skipped iterations:   0 | number of nan iterations:   0 |
3: [default3]: [2026-05-06 11:24:50.077579] iteration       28/     250 | consumed samples:         7168 | elapsed time per iteration (ms): 7988.6 | throughput per GPU (TFLOP/s/GPU): 380.2 | tokens/sec/GPU: 8204 | learning rate: 3.000000E-04 | global batch size:   256 | lm loss: 8.299767E+00 | loss scale: 1.0 | grad norm: 6.826 | number of skipped iterations:   0 | number of nan iterations:   0 |
3: [default3]: [2026-05-06 11:24:58.017078] iteration       29/     250 | consumed samples:         7424 | elapsed time per iteration (ms): 7939.3 | throughput per GPU (TFLOP/s/GPU): 382.5 | tokens/sec/GPU: 8255 | learning rate: 3.000000E-04 | global batch size:   256 | lm loss: 8.050444E+00 | loss scale: 1.0 | grad norm: 4.417 | number of skipped iterations:   0 | number of nan iterations:   0 |
3: [default3]: [2026-05-06 11:25:06.027613] iteration       30/     250 | consumed samples:         7680 | elapsed time per iteration (ms): 8010.4 | throughput per GPU (TFLOP/s/GPU): 379.1 | tokens/sec/GPU: 8181 | learning rate: 3.000000E-04 | global batch size:   256 | lm loss: 7.919517E+00 | loss scale: 1.0 | grad norm: 5.437 | number of skipped iterations:   0 | number of nan iterations:   0 |
3: [default3]: [2026-05-06 11:25:13.980977] iteration       31/     250 | consumed samples:         7936 | elapsed time per iteration (ms): 7953.2 | throughput per GPU (TFLOP/s/GPU): 381.9 | tokens/sec/GPU: 8240 | learning rate: 3.000000E-04 | global batch size:   256 | lm loss: 7.866745E+00 | loss scale: 1.0 | grad norm: 8.261 | number of skipped iterations:   0 | number of nan iterations:   0 |
3: [default3]: [2026-05-06 11:25:22.059936] iteration       32/     250 | consumed samples:         8192 | elapsed time per iteration (ms): 8078.8 | throughput per GPU (TFLOP/s/GPU): 375.9 | tokens/sec/GPU: 8112 | learning rate: 3.000000E-04 | global batch size:   256 | lm loss: 7.785991E+00 | loss scale: 1.0 | grad norm: 8.264 | number of skipped iterations:   0 | number of nan iterations:   0 |
3: [default3]: [2026-05-06 11:25:29.968031] iteration       33/     250 | consumed samples:         8448 | elapsed time per iteration (ms): 7907.9 | throughput per GPU (TFLOP/s/GPU): 384.1 | tokens/sec/GPU: 8287 | learning rate: 3.000000E-04 | global batch size:   256 | lm loss: 7.829010E+00 | loss scale: 1.0 | grad norm: 6.364 | number of skipped iterations:   0 | number of nan iterations:   0 |
3: [default3]: [2026-05-06 11:25:38.376800] iteration       34/     250 | consumed samples:         8704 | elapsed time per iteration (ms): 8408.6 | throughput per GPU (TFLOP/s/GPU): 361.2 | tokens/sec/GPU: 7794 | learning rate: 3.000000E-04 | global batch size:   256 | lm loss: 7.750491E+00 | loss scale: 1.0 | grad norm: 5.461 | number of skipped iterations:   0 | number of nan iterations:   0 |
3: [default3]: [2026-05-06 11:25:46.251440] iteration       35/     250 | consumed samples:         8960 | elapsed time per iteration (ms): 7874.4 | throughput per GPU (TFLOP/s/GPU): 385.7 | tokens/sec/GPU: 8323 | learning rate: 3.000000E-04 | global batch size:   256 | lm loss: 7.675966E+00 | loss scale: 1.0 | grad norm: 3.972 | number of skipped iterations:   0 | number of nan iterations:   0 |
3: [default3]: [2026-05-06 11:25:54.349545] iteration       36/     250 | consumed samples:         9216 | elapsed time per iteration (ms): 8097.9 | throughput per GPU (TFLOP/s/GPU): 375.0 | tokens/sec/GPU: 8093 | learning rate: 3.000000E-04 | global batch size:   256 | lm loss: 7.629163E+00 | loss scale: 1.0 | grad norm: 3.570 | number of skipped iterations:   0 | number of nan iterations:   0 |
3: [default3]: [2026-05-06 11:26:03.346960] iteration       37/     250 | consumed samples:         9472 | elapsed time per iteration (ms): 8997.2 | throughput per GPU (TFLOP/s/GPU): 337.6 | tokens/sec/GPU: 7284 | learning rate: 3.000000E-04 | global batch size:   256 | lm loss: 7.638386E+00 | loss scale: 1.0 | grad norm: 2.411 | number of skipped iterations:   0 | number of nan iterations:   0 |
3: [default3]: [2026-05-06 11:26:11.206606] iteration       38/     250 | consumed samples:         9728 | elapsed time per iteration (ms): 7859.5 | throughput per GPU (TFLOP/s/GPU): 386.4 | tokens/sec/GPU: 8338 | learning rate: 3.000000E-04 | global batch size:   256 | lm loss: 7.516553E+00 | loss scale: 1.0 | grad norm: 2.863 | number of skipped iterations:   0 | number of nan iterations:   0 |
3: [default3]: [2026-05-06 11:26:19.185752] iteration       39/     250 | consumed samples:         9984 | elapsed time per iteration (ms): 7978.9 | throughput per GPU (TFLOP/s/GPU): 380.6 | tokens/sec/GPU: 8214 | learning rate: 3.000000E-04 | global batch size:   256 | lm loss: 7.589771E+00 | loss scale: 1.0 | grad norm: 6.135 | number of skipped iterations:   0 | number of nan iterations:   0 |
3: [default3]: [2026-05-06 11:26:27.050055] iteration       40/     250 | consumed samples:        10240 | elapsed time per iteration (ms): 7864.1 | throughput per GPU (TFLOP/s/GPU): 386.2 | tokens/sec/GPU: 8334 | learning rate: 3.000000E-04 | global batch size:   256 | lm loss: 7.502797E+00 | loss scale: 1.0 | grad norm: 3.327 | number of skipped iterations:   0 | number of nan iterations:   0 |
3: [default3]: [2026-05-06 11:26:35.519063] iteration       41/     250 | consumed samples:        10496 | elapsed time per iteration (ms): 8468.8 | throughput per GPU (TFLOP/s/GPU): 358.6 | tokens/sec/GPU: 7738 | learning rate: 3.000000E-04 | global batch size:   256 | lm loss: 7.553393E+00 | loss scale: 1.0 | grad norm: 2.190 | number of skipped iterations:   0 | number of nan iterations:   0 |
3: [default3]: [2026-05-06 11:26:44.027081] iteration       42/     250 | consumed samples:        10752 | elapsed time per iteration (ms): 8507.8 | throughput per GPU (TFLOP/s/GPU): 357.0 | tokens/sec/GPU: 7703 | learning rate: 3.000000E-04 | global batch size:   256 | lm loss: 7.458288E+00 | loss scale: 1.0 | grad norm: 2.553 | number of skipped iterations:   0 | number of nan iterations:   0 |
3: [default3]: [2026-05-06 11:26:52.515046] iteration       43/     250 | consumed samples:        11008 | elapsed time per iteration (ms): 8487.8 | throughput per GPU (TFLOP/s/GPU): 357.8 | tokens/sec/GPU: 7721 | learning rate: 3.000000E-04 | global batch size:   256 | lm loss: 7.465218E+00 | loss scale: 1.0 | grad norm: 2.562 | number of skipped iterations:   0 | number of nan iterations:   0 |
3: [default3]: [2026-05-06 11:27:00.587918] iteration       44/     250 | consumed samples:        11264 | elapsed time per iteration (ms): 8072.7 | throughput per GPU (TFLOP/s/GPU): 376.2 | tokens/sec/GPU: 8118 | learning rate: 3.000000E-04 | global batch size:   256 | lm loss: 7.455826E+00 | loss scale: 1.0 | grad norm: 1.810 | number of skipped iterations:   0 | number of nan iterations:   0 |
3: [default3]: [2026-05-06 11:27:08.600247] iteration       45/     250 | consumed samples:        11520 | elapsed time per iteration (ms): 8012.2 | throughput per GPU (TFLOP/s/GPU): 379.1 | tokens/sec/GPU: 8180 | learning rate: 3.000000E-04 | global batch size:   256 | lm loss: 7.411942E+00 | loss scale: 1.0 | grad norm: 3.452 | number of skipped iterations:   0 | number of nan iterations:   0 |
3: [default3]: [2026-05-06 11:27:17.142070] iteration       46/     250 | consumed samples:        11776 | elapsed time per iteration (ms): 8541.6 | throughput per GPU (TFLOP/s/GPU): 355.6 | tokens/sec/GPU: 7673 | learning rate: 3.000000E-04 | global batch size:   256 | lm loss: 7.431309E+00 | loss scale: 1.0 | grad norm: 2.904 | number of skipped iterations:   0 | number of nan iterations:   0 |
3: [default3]: [2026-05-06 11:27:25.558618] iteration       47/     250 | consumed samples:        12032 | elapsed time per iteration (ms): 8416.4 | throughput per GPU (TFLOP/s/GPU): 360.9 | tokens/sec/GPU: 7787 | learning rate: 3.000000E-04 | global batch size:   256 | lm loss: 7.465726E+00 | loss scale: 1.0 | grad norm: 1.666 | number of skipped iterations:   0 | number of nan iterations:   0 |
3: [default3]: [2026-05-06 11:27:33.875653] iteration       48/     250 | consumed samples:        12288 | elapsed time per iteration (ms): 8316.9 | throughput per GPU (TFLOP/s/GPU): 365.2 | tokens/sec/GPU: 7880 | learning rate: 3.000000E-04 | global batch size:   256 | lm loss: 7.421211E+00 | loss scale: 1.0 | grad norm: 1.645 | number of skipped iterations:   0 | number of nan iterations:   0 |
3: [default3]: [2026-05-06 11:27:43.961221] iteration       49/     250 | consumed samples:        12544 | elapsed time per iteration (ms): 10085.4 | throughput per GPU (TFLOP/s/GPU): 301.1 | tokens/sec/GPU: 6498 | learning rate: 3.000000E-04 | global batch size:   256 | lm loss: 7.383259E+00 | loss scale: 1.0 | grad norm: 1.313 | number of skipped iterations:   0 | number of nan iterations:   0 |
3: [default3]: [2026-05-06 11:27:51.882709] iteration       50/     250 | consumed samples:        12800 | elapsed time per iteration (ms): 7921.3 | throughput per GPU (TFLOP/s/GPU): 383.4 | tokens/sec/GPU: 8273 | learning rate: 3.000000E-04 | global batch size:   256 | lm loss: 7.418025E+00 | loss scale: 1.0 | grad norm: 1.724 | number of skipped iterations:   0 | number of nan iterations:   0 |
3: [default3]: [2026-05-06 11:28:00.625980] iteration       51/     250 | consumed samples:        13056 | elapsed time per iteration (ms): 8743.0 | throughput per GPU (TFLOP/s/GPU): 347.4 | tokens/sec/GPU: 7496 | learning rate: 3.000000E-04 | global batch size:   256 | lm loss: 7.407865E+00 | loss scale: 1.0 | grad norm: 1.278 | number of skipped iterations:   0 | number of nan iterations:   0 |
3: [default3]: [2026-05-06 11:28:08.994466] iteration       52/     250 | consumed samples:        13312 | elapsed time per iteration (ms): 8368.3 | throughput per GPU (TFLOP/s/GPU): 362.9 | tokens/sec/GPU: 7831 | learning rate: 3.000000E-04 | global batch size:   256 | lm loss: 7.379676E+00 | loss scale: 1.0 | grad norm: 1.357 | number of skipped iterations:   0 | number of nan iterations:   0 |
3: [default3]: [2026-05-06 11:28:20.182535] iteration       53/     250 | consumed samples:        13568 | elapsed time per iteration (ms): 11187.9 | throughput per GPU (TFLOP/s/GPU): 271.5 | tokens/sec/GPU: 5858 | learning rate: 3.000000E-04 | global batch size:   256 | lm loss: 7.385777E+00 | loss scale: 1.0 | grad norm: 1.297 | number of skipped iterations:   0 | number of nan iterations:   0 |
3: [default3]: [2026-05-06 11:28:31.176010] iteration       54/     250 | consumed samples:        13824 | elapsed time per iteration (ms): 10993.3 | throughput per GPU (TFLOP/s/GPU): 276.3 | tokens/sec/GPU: 5961 | learning rate: 3.000000E-04 | global batch size:   256 | lm loss: 7.298262E+00 | loss scale: 1.0 | grad norm: 1.269 | number of skipped iterations:   0 | number of nan iterations:   0 |
3: [default3]: [2026-05-06 11:28:41.215847] iteration       55/     250 | consumed samples:        14080 | elapsed time per iteration (ms): 10039.7 | throughput per GPU (TFLOP/s/GPU): 302.5 | tokens/sec/GPU: 6528 | learning rate: 3.000000E-04 | global batch size:   256 | lm loss: 7.365571E+00 | loss scale: 1.0 | grad norm: 1.856 | number of skipped iterations:   0 | number of nan iterations:   0 |
3: [default3]: [2026-05-06 11:28:49.198699] iteration       56/     250 | consumed samples:        14336 | elapsed time per iteration (ms): 7982.7 | throughput per GPU (TFLOP/s/GPU): 380.5 | tokens/sec/GPU: 8210 | learning rate: 3.000000E-04 | global batch size:   256 | lm loss: 7.402691E+00 | loss scale: 1.0 | grad norm: 2.147 | number of skipped iterations:   0 | number of nan iterations:   0 |
3: [default3]: [2026-05-06 11:28:57.378093] iteration       57/     250 | consumed samples:        14592 | elapsed time per iteration (ms): 8179.2 | throughput per GPU (TFLOP/s/GPU): 371.3 | tokens/sec/GPU: 8013 | learning rate: 3.000000E-04 | global batch size:   256 | lm loss: 7.274461E+00 | loss scale: 1.0 | grad norm: 1.156 | number of skipped iterations:   0 | number of nan iterations:   0 |
3: [default3]: [2026-05-06 11:29:07.003576] iteration       58/     250 | consumed samples:        14848 | elapsed time per iteration (ms): 9625.3 | throughput per GPU (TFLOP/s/GPU): 315.5 | tokens/sec/GPU: 6809 | learning rate: 3.000000E-04 | global batch size:   256 | lm loss: 7.274378E+00 | loss scale: 1.0 | grad norm: 4.277 | number of skipped iterations:   0 | number of nan iterations:   0 |
3: [default3]: [2026-05-06 11:29:15.145392] iteration       59/     250 | consumed samples:        15104 | elapsed time per iteration (ms): 8141.6 | throughput per GPU (TFLOP/s/GPU): 373.0 | tokens/sec/GPU: 8049 | learning rate: 3.000000E-04 | global batch size:   256 | lm loss: 7.267575E+00 | loss scale: 1.0 | grad norm: 2.471 | number of skipped iterations:   0 | number of nan iterations:   0 |
3: [default3]: [2026-05-06 11:29:23.124111] iteration       60/     250 | consumed samples:        15360 | elapsed time per iteration (ms): 7978.5 | throughput per GPU (TFLOP/s/GPU): 380.7 | tokens/sec/GPU: 8214 | learning rate: 3.000000E-04 | global batch size:   256 | lm loss: 7.270033E+00 | loss scale: 1.0 | grad norm: 2.231 | number of skipped iterations:   0 | number of nan iterations:   0 |
3: [default3]: [2026-05-06 11:29:31.508527] iteration       61/     250 | consumed samples:        15616 | elapsed time per iteration (ms): 8384.2 | throughput per GPU (TFLOP/s/GPU): 362.2 | tokens/sec/GPU: 7817 | learning rate: 3.000000E-04 | global batch size:   256 | lm loss: 7.240509E+00 | loss scale: 1.0 | grad norm: 1.942 | number of skipped iterations:   0 | number of nan iterations:   0 |
3: [default3]: [2026-05-06 11:29:39.876772] iteration       62/     250 | consumed samples:        15872 | elapsed time per iteration (ms): 8368.1 | throughput per GPU (TFLOP/s/GPU): 362.9 | tokens/sec/GPU: 7832 | learning rate: 3.000000E-04 | global batch size:   256 | lm loss: 7.249012E+00 | loss scale: 1.0 | grad norm: 2.984 | number of skipped iterations:   0 | number of nan iterations:   0 |
3: [default3]: [2026-05-06 11:29:48.058688] iteration       63/     250 | consumed samples:        16128 | elapsed time per iteration (ms): 8181.7 | throughput per GPU (TFLOP/s/GPU): 371.2 | tokens/sec/GPU: 8010 | learning rate: 3.000000E-04 | global batch size:   256 | lm loss: 7.151121E+00 | loss scale: 1.0 | grad norm: 1.863 | number of skipped iterations:   0 | number of nan iterations:   0 |
3: [default3]: [2026-05-06 11:29:56.041301] iteration       64/     250 | consumed samples:        16384 | elapsed time per iteration (ms): 7982.4 | throughput per GPU (TFLOP/s/GPU): 380.5 | tokens/sec/GPU: 8210 | learning rate: 3.000000E-04 | global batch size:   256 | lm loss: 7.260425E+00 | loss scale: 1.0 | grad norm: 2.022 | number of skipped iterations:   0 | number of nan iterations:   0 |
3: [default3]: [2026-05-06 11:30:04.042248] iteration       65/     250 | consumed samples:        16640 | elapsed time per iteration (ms): 8000.8 | throughput per GPU (TFLOP/s/GPU): 379.6 | tokens/sec/GPU: 8191 | learning rate: 3.000000E-04 | global batch size:   256 | lm loss: 7.145653E+00 | loss scale: 1.0 | grad norm: 2.851 | number of skipped iterations:   0 | number of nan iterations:   0 |
3: [default3]: [2026-05-06 11:30:12.061676] iteration       66/     250 | consumed samples:        16896 | elapsed time per iteration (ms): 8019.2 | throughput per GPU (TFLOP/s/GPU): 378.7 | tokens/sec/GPU: 8172 | learning rate: 3.000000E-04 | global batch size:   256 | lm loss: 7.173131E+00 | loss scale: 1.0 | grad norm: 2.268 | number of skipped iterations:   0 | number of nan iterations:   0 |
3: [default3]: [2026-05-06 11:30:20.066188] iteration       67/     250 | consumed samples:        17152 | elapsed time per iteration (ms): 8004.4 | throughput per GPU (TFLOP/s/GPU): 379.4 | tokens/sec/GPU: 8188 | learning rate: 3.000000E-04 | global batch size:   256 | lm loss: 7.152394E+00 | loss scale: 1.0 | grad norm: 4.496 | number of skipped iterations:   0 | number of nan iterations:   0 |
3: [default3]: [2026-05-06 11:30:28.161212] iteration       68/     250 | consumed samples:        17408 | elapsed time per iteration (ms): 8094.8 | throughput per GPU (TFLOP/s/GPU): 375.2 | tokens/sec/GPU: 8096 | learning rate: 3.000000E-04 | global batch size:   256 | lm loss: 7.128902E+00 | loss scale: 1.0 | grad norm: 1.939 | number of skipped iterations:   0 | number of nan iterations:   0 |
3: [default3]: [2026-05-06 11:30:36.248669] iteration       69/     250 | consumed samples:        17664 | elapsed time per iteration (ms): 8087.3 | throughput per GPU (TFLOP/s/GPU): 375.5 | tokens/sec/GPU: 8104 | learning rate: 3.000000E-04 | global batch size:   256 | lm loss: 7.060891E+00 | loss scale: 1.0 | grad norm: 1.765 | number of skipped iterations:   0 | number of nan iterations:   0 |
3: [default3]: [2026-05-06 11:30:45.066518] iteration       70/     250 | consumed samples:        17920 | elapsed time per iteration (ms): 8817.7 | throughput per GPU (TFLOP/s/GPU): 344.4 | tokens/sec/GPU: 7432 | learning rate: 3.000000E-04 | global batch size:   256 | lm loss: 7.052189E+00 | loss scale: 1.0 | grad norm: 1.372 | number of skipped iterations:   0 | number of nan iterations:   0 |
3: [default3]: [2026-05-06 11:30:53.065499] iteration       71/     250 | consumed samples:        18176 | elapsed time per iteration (ms): 7998.8 | throughput per GPU (TFLOP/s/GPU): 379.7 | tokens/sec/GPU: 8193 | learning rate: 3.000000E-04 | global batch size:   256 | lm loss: 7.171090E+00 | loss scale: 1.0 | grad norm: 10.209 | number of skipped iterations:   0 | number of nan iterations:   0 |
3: [default3]: [2026-05-06 11:31:01.068450] iteration       72/     250 | consumed samples:        18432 | elapsed time per iteration (ms): 8002.8 | throughput per GPU (TFLOP/s/GPU): 379.5 | tokens/sec/GPU: 8189 | learning rate: 3.000000E-04 | global batch size:   256 | lm loss: 7.145855E+00 | loss scale: 1.0 | grad norm: 5.899 | number of skipped iterations:   0 | number of nan iterations:   0 |
3: [default3]: [2026-05-06 11:31:09.098959] iteration       73/     250 | consumed samples:        18688 | elapsed time per iteration (ms): 8030.3 | throughput per GPU (TFLOP/s/GPU): 378.2 | tokens/sec/GPU: 8161 | learning rate: 3.000000E-04 | global batch size:   256 | lm loss: 7.120580E+00 | loss scale: 1.0 | grad norm: 3.054 | number of skipped iterations:   0 | number of nan iterations:   0 |
3: [default3]: [2026-05-06 11:31:17.183952] iteration       74/     250 | consumed samples:        18944 | elapsed time per iteration (ms): 8084.8 | throughput per GPU (TFLOP/s/GPU): 375.7 | tokens/sec/GPU: 8106 | learning rate: 3.000000E-04 | global batch size:   256 | lm loss: 7.064742E+00 | loss scale: 1.0 | grad norm: 2.442 | number of skipped iterations:   0 | number of nan iterations:   0 |
3: [default3]: [2026-05-06 11:31:25.198999] iteration       75/     250 | consumed samples:        19200 | elapsed time per iteration (ms): 8014.9 | throughput per GPU (TFLOP/s/GPU): 378.9 | tokens/sec/GPU: 8177 | learning rate: 3.000000E-04 | global batch size:   256 | lm loss: 7.019053E+00 | loss scale: 1.0 | grad norm: 2.931 | number of skipped iterations:   0 | number of nan iterations:   0 |
3: [default3]: [2026-05-06 11:31:33.216809] iteration       76/     250 | consumed samples:        19456 | elapsed time per iteration (ms): 8017.5 | throughput per GPU (TFLOP/s/GPU): 378.8 | tokens/sec/GPU: 8174 | learning rate: 3.000000E-04 | global batch size:   256 | lm loss: 6.998187E+00 | loss scale: 1.0 | grad norm: 2.461 | number of skipped iterations:   0 | number of nan iterations:   0 |
3: [default3]: [2026-05-06 11:31:41.494681] iteration       77/     250 | consumed samples:        19712 | elapsed time per iteration (ms): 8277.9 | throughput per GPU (TFLOP/s/GPU): 366.9 | tokens/sec/GPU: 7917 | learning rate: 3.000000E-04 | global batch size:   256 | lm loss: 7.026261E+00 | loss scale: 1.0 | grad norm: 2.776 | number of skipped iterations:   0 | number of nan iterations:   0 |
3: [default3]: [2026-05-06 11:31:49.759398] iteration       78/     250 | consumed samples:        19968 | elapsed time per iteration (ms): 8264.6 | throughput per GPU (TFLOP/s/GPU): 367.5 | tokens/sec/GPU: 7930 | learning rate: 3.000000E-04 | global batch size:   256 | lm loss: 6.921288E+00 | loss scale: 1.0 | grad norm: 2.204 | number of skipped iterations:   0 | number of nan iterations:   0 |
3: [default3]: [2026-05-06 11:31:58.327813] iteration       79/     250 | consumed samples:        20224 | elapsed time per iteration (ms): 8568.2 | throughput per GPU (TFLOP/s/GPU): 354.5 | tokens/sec/GPU: 7649 | learning rate: 3.000000E-04 | global batch size:   256 | lm loss: 6.939870E+00 | loss scale: 1.0 | grad norm: 2.023 | number of skipped iterations:   0 | number of nan iterations:   0 |
3: [default3]: [2026-05-06 11:32:06.653158] iteration       80/     250 | consumed samples:        20480 | elapsed time per iteration (ms): 8325.1 | throughput per GPU (TFLOP/s/GPU): 364.8 | tokens/sec/GPU: 7872 | learning rate: 3.000000E-04 | global batch size:   256 | lm loss: 6.948111E+00 | loss scale: 1.0 | grad norm: 2.182 | number of skipped iterations:   0 | number of nan iterations:   0 |
3: [default3]: [2026-05-06 11:32:16.462457] iteration       81/     250 | consumed samples:        20736 | elapsed time per iteration (ms): 9809.1 | throughput per GPU (TFLOP/s/GPU): 309.6 | tokens/sec/GPU: 6681 | learning rate: 3.000000E-04 | global batch size:   256 | lm loss: 6.900266E+00 | loss scale: 1.0 | grad norm: 2.418 | number of skipped iterations:   0 | number of nan iterations:   0 |
3: [default3]: [2026-05-06 11:32:24.635134] iteration       82/     250 | consumed samples:        20992 | elapsed time per iteration (ms): 8172.5 | throughput per GPU (TFLOP/s/GPU): 371.6 | tokens/sec/GPU: 8019 | learning rate: 3.000000E-04 | global batch size:   256 | lm loss: 6.914829E+00 | loss scale: 1.0 | grad norm: 2.000 | number of skipped iterations:   0 | number of nan iterations:   0 |
3: [default3]: [2026-05-06 11:32:32.649588] iteration       83/     250 | consumed samples:        21248 | elapsed time per iteration (ms): 8014.3 | throughput per GPU (TFLOP/s/GPU): 379.0 | tokens/sec/GPU: 8177 | learning rate: 3.000000E-04 | global batch size:   256 | lm loss: 6.883877E+00 | loss scale: 1.0 | grad norm: 1.729 | number of skipped iterations:   0 | number of nan iterations:   0 |
3: [default3]: [2026-05-06 11:32:40.917280] iteration       84/     250 | consumed samples:        21504 | elapsed time per iteration (ms): 8267.5 | throughput per GPU (TFLOP/s/GPU): 367.4 | tokens/sec/GPU: 7927 | learning rate: 3.000000E-04 | global batch size:   256 | lm loss: 6.864794E+00 | loss scale: 1.0 | grad norm: 2.898 | number of skipped iterations:   0 | number of nan iterations:   0 |
3: [default3]: [2026-05-06 11:32:50.029337] iteration       85/     250 | consumed samples:        21760 | elapsed time per iteration (ms): 9111.9 | throughput per GPU (TFLOP/s/GPU): 333.3 | tokens/sec/GPU: 7192 | learning rate: 3.000000E-04 | global batch size:   256 | lm loss: 6.851003E+00 | loss scale: 1.0 | grad norm: 1.986 | number of skipped iterations:   0 | number of nan iterations:   0 |
3: [default3]: [2026-05-06 11:32:58.754483] iteration       86/     250 | consumed samples:        22016 | elapsed time per iteration (ms): 8724.9 | throughput per GPU (TFLOP/s/GPU): 348.1 | tokens/sec/GPU: 7511 | learning rate: 3.000000E-04 | global batch size:   256 | lm loss: 6.826755E+00 | loss scale: 1.0 | grad norm: 1.935 | number of skipped iterations:   0 | number of nan iterations:   0 |
3: [default3]: [2026-05-06 11:33:07.263746] iteration       87/     250 | consumed samples:        22272 | elapsed time per iteration (ms): 8509.1 | throughput per GPU (TFLOP/s/GPU): 356.9 | tokens/sec/GPU: 7702 | learning rate: 3.000000E-04 | global batch size:   256 | lm loss: 6.744250E+00 | loss scale: 1.0 | grad norm: 1.667 | number of skipped iterations:   0 | number of nan iterations:   0 |
3: [default3]: [2026-05-06 11:33:15.744959] iteration       88/     250 | consumed samples:        22528 | elapsed time per iteration (ms): 8481.0 | throughput per GPU (TFLOP/s/GPU): 358.1 | tokens/sec/GPU: 7727 | learning rate: 3.000000E-04 | global batch size:   256 | lm loss: 6.762659E+00 | loss scale: 1.0 | grad norm: 2.531 | number of skipped iterations:   0 | number of nan iterations:   0 |
3: [default3]: [2026-05-06 11:33:23.773808] iteration       89/     250 | consumed samples:        22784 | elapsed time per iteration (ms): 8028.3 | throughput per GPU (TFLOP/s/GPU): 378.3 | tokens/sec/GPU: 8163 | learning rate: 3.000000E-04 | global batch size:   256 | lm loss: 6.773441E+00 | loss scale: 1.0 | grad norm: 2.473 | number of skipped iterations:   0 | number of nan iterations:   0 |
3: [default3]: [2026-05-06 11:33:31.800868] iteration       90/     250 | consumed samples:        23040 | elapsed time per iteration (ms): 8026.9 | throughput per GPU (TFLOP/s/GPU): 378.4 | tokens/sec/GPU: 8165 | learning rate: 3.000000E-04 | global batch size:   256 | lm loss: 6.698722E+00 | loss scale: 1.0 | grad norm: 2.269 | number of skipped iterations:   0 | number of nan iterations:   0 |
3: [default3]: [2026-05-06 11:33:39.907874] iteration       91/     250 | consumed samples:        23296 | elapsed time per iteration (ms): 8106.8 | throughput per GPU (TFLOP/s/GPU): 374.6 | tokens/sec/GPU: 8084 | learning rate: 3.000000E-04 | global batch size:   256 | lm loss: 6.652905E+00 | loss scale: 1.0 | grad norm: 1.681 | number of skipped iterations:   0 | number of nan iterations:   0 |
3: [default3]: [2026-05-06 11:33:48.137887] iteration       92/     250 | consumed samples:        23552 | elapsed time per iteration (ms): 8229.8 | throughput per GPU (TFLOP/s/GPU): 369.0 | tokens/sec/GPU: 7963 | learning rate: 3.000000E-04 | global batch size:   256 | lm loss: 6.742128E+00 | loss scale: 1.0 | grad norm: 2.024 | number of skipped iterations:   0 | number of nan iterations:   0 |
3: [default3]: [2026-05-06 11:33:57.390096] iteration       93/     250 | consumed samples:        23808 | elapsed time per iteration (ms): 9252.0 | throughput per GPU (TFLOP/s/GPU): 328.3 | tokens/sec/GPU: 7083 | learning rate: 3.000000E-04 | global batch size:   256 | lm loss: 6.666321E+00 | loss scale: 1.0 | grad norm: 2.391 | number of skipped iterations:   0 | number of nan iterations:   0 |
3: [default3]: [2026-05-06 11:34:06.446275] iteration       94/     250 | consumed samples:        24064 | elapsed time per iteration (ms): 9056.0 | throughput per GPU (TFLOP/s/GPU): 335.4 | tokens/sec/GPU: 7237 | learning rate: 3.000000E-04 | global batch size:   256 | lm loss: 6.600384E+00 | loss scale: 1.0 | grad norm: 2.509 | number of skipped iterations:   0 | number of nan iterations:   0 |
3: [default3]: [2026-05-06 11:34:15.251187] iteration       95/     250 | consumed samples:        24320 | elapsed time per iteration (ms): 8804.7 | throughput per GPU (TFLOP/s/GPU): 344.9 | tokens/sec/GPU: 7443 | learning rate: 3.000000E-04 | global batch size:   256 | lm loss: 6.571023E+00 | loss scale: 1.0 | grad norm: 1.515 | number of skipped iterations:   0 | number of nan iterations:   0 |
3: [default3]: [2026-05-06 11:34:23.803527] iteration       96/     250 | consumed samples:        24576 | elapsed time per iteration (ms): 8552.2 | throughput per GPU (TFLOP/s/GPU): 355.1 | tokens/sec/GPU: 7663 | learning rate: 3.000000E-04 | global batch size:   256 | lm loss: 6.616745E+00 | loss scale: 1.0 | grad norm: 4.221 | number of skipped iterations:   0 | number of nan iterations:   0 |
3: [default3]: [2026-05-06 11:34:32.455901] iteration       97/     250 | consumed samples:        24832 | elapsed time per iteration (ms): 8652.2 | throughput per GPU (TFLOP/s/GPU): 351.0 | tokens/sec/GPU: 7575 | learning rate: 3.000000E-04 | global batch size:   256 | lm loss: 6.663637E+00 | loss scale: 1.0 | grad norm: 2.022 | number of skipped iterations:   0 | number of nan iterations:   0 |
3: [default3]: [2026-05-06 11:34:41.361544] iteration       98/     250 | consumed samples:        25088 | elapsed time per iteration (ms): 8905.4 | throughput per GPU (TFLOP/s/GPU): 341.0 | tokens/sec/GPU: 7359 | learning rate: 3.000000E-04 | global batch size:   256 | lm loss: 6.610986E+00 | loss scale: 1.0 | grad norm: 3.680 | number of skipped iterations:   0 | number of nan iterations:   0 |
3: [default3]: [2026-05-06 11:34:50.632233] iteration       99/     250 | consumed samples:        25344 | elapsed time per iteration (ms): 9270.5 | throughput per GPU (TFLOP/s/GPU): 327.6 | tokens/sec/GPU: 7069 | learning rate: 3.000000E-04 | global batch size:   256 | lm loss: 6.496655E+00 | loss scale: 1.0 | grad norm: 2.699 | number of skipped iterations:   0 | number of nan iterations:   0 |
3: [default3]: [2026-05-06 11:34:58.689927] iteration      100/     250 | consumed samples:        25600 | elapsed time per iteration (ms): 8057.5 | throughput per GPU (TFLOP/s/GPU): 376.9 | tokens/sec/GPU: 8134 | learning rate: 3.000000E-04 | global batch size:   256 | lm loss: 6.547829E+00 | loss scale: 1.0 | grad norm: 2.527 | number of skipped iterations:   0 | number of nan iterations:   0 |
3: [default3]: [2026-05-06 11:35:08.099112] iteration      101/     250 | consumed samples:        25856 | elapsed time per iteration (ms): 9409.0 | throughput per GPU (TFLOP/s/GPU): 322.8 | tokens/sec/GPU: 6965 | learning rate: 3.000000E-04 | global batch size:   256 | lm loss: 6.511365E+00 | loss scale: 1.0 | grad norm: 2.935 | number of skipped iterations:   0 | number of nan iterations:   0 |
3: [default3]: [2026-05-06 11:35:16.553086] iteration      102/     250 | consumed samples:        26112 | elapsed time per iteration (ms): 8453.8 | throughput per GPU (TFLOP/s/GPU): 359.3 | tokens/sec/GPU: 7752 | learning rate: 3.000000E-04 | global batch size:   256 | lm loss: 6.502184E+00 | loss scale: 1.0 | grad norm: 4.647 | number of skipped iterations:   0 | number of nan iterations:   0 |
3: [default3]: [2026-05-06 11:35:25.163593] iteration      103/     250 | consumed samples:        26368 | elapsed time per iteration (ms): 8610.3 | throughput per GPU (TFLOP/s/GPU): 352.7 | tokens/sec/GPU: 7611 | learning rate: 3.000000E-04 | global batch size:   256 | lm loss: 6.508401E+00 | loss scale: 1.0 | grad norm: 2.954 | number of skipped iterations:   0 | number of nan iterations:   0 |
3: [default3]: [2026-05-06 11:35:34.164728] iteration      104/     250 | consumed samples:        26624 | elapsed time per iteration (ms): 9001.0 | throughput per GPU (TFLOP/s/GPU): 337.4 | tokens/sec/GPU: 7281 | learning rate: 3.000000E-04 | global batch size:   256 | lm loss: 6.406168E+00 | loss scale: 1.0 | grad norm: 2.635 | number of skipped iterations:   0 | number of nan iterations:   0 |
3: [default3]: [2026-05-06 11:35:42.208767] iteration      105/     250 | consumed samples:        26880 | elapsed time per iteration (ms): 8043.9 | throughput per GPU (TFLOP/s/GPU): 377.6 | tokens/sec/GPU: 8147 | learning rate: 3.000000E-04 | global batch size:   256 | lm loss: 6.417914E+00 | loss scale: 1.0 | grad norm: 3.714 | number of skipped iterations:   0 | number of nan iterations:   0 |
3: [default3]: [2026-05-06 11:35:51.719997] iteration      106/     250 | consumed samples:        27136 | elapsed time per iteration (ms): 9511.0 | throughput per GPU (TFLOP/s/GPU): 319.3 | tokens/sec/GPU: 6891 | learning rate: 3.000000E-04 | global batch size:   256 | lm loss: 6.436476E+00 | loss scale: 1.0 | grad norm: 1.773 | number of skipped iterations:   0 | number of nan iterations:   0 |
3: [default3]: [2026-05-06 11:36:01.573161] iteration      107/     250 | consumed samples:        27392 | elapsed time per iteration (ms): 9853.0 | throughput per GPU (TFLOP/s/GPU): 308.2 | tokens/sec/GPU: 6651 | learning rate: 3.000000E-04 | global batch size:   256 | lm loss: 6.413015E+00 | loss scale: 1.0 | grad norm: 3.207 | number of skipped iterations:   0 | number of nan iterations:   0 |
3: [default3]: [2026-05-06 11:36:09.743133] iteration      108/     250 | consumed samples:        27648 | elapsed time per iteration (ms): 8169.8 | throughput per GPU (TFLOP/s/GPU): 371.7 | tokens/sec/GPU: 8022 | learning rate: 3.000000E-04 | global batch size:   256 | lm loss: 6.412671E+00 | loss scale: 1.0 | grad norm: 2.341 | number of skipped iterations:   0 | number of nan iterations:   0 |
3: [default3]: [2026-05-06 11:36:18.202953] iteration      109/     250 | consumed samples:        27904 | elapsed time per iteration (ms): 8459.6 | throughput per GPU (TFLOP/s/GPU): 359.0 | tokens/sec/GPU: 7747 | learning rate: 3.000000E-04 | global batch size:   256 | lm loss: 6.263539E+00 | loss scale: 1.0 | grad norm: 1.834 | number of skipped iterations:   0 | number of nan iterations:   0 |
3: [default3]: [2026-05-06 11:36:26.533380] iteration      110/     250 | consumed samples:        28160 | elapsed time per iteration (ms): 8330.3 | throughput per GPU (TFLOP/s/GPU): 364.6 | tokens/sec/GPU: 7867 | learning rate: 3.000000E-04 | global batch size:   256 | lm loss: 6.425375E+00 | loss scale: 1.0 | grad norm: 4.518 | number of skipped iterations:   0 | number of nan iterations:   0 |
3: [default3]: [2026-05-06 11:36:34.624510] iteration      111/     250 | consumed samples:        28416 | elapsed time per iteration (ms): 8090.9 | throughput per GPU (TFLOP/s/GPU): 375.4 | tokens/sec/GPU: 8100 | learning rate: 3.000000E-04 | global batch size:   256 | lm loss: 6.330790E+00 | loss scale: 1.0 | grad norm: 2.009 | number of skipped iterations:   0 | number of nan iterations:   0 |
3: [default3]: [2026-05-06 11:36:43.558929] iteration      112/     250 | consumed samples:        28672 | elapsed time per iteration (ms): 8934.2 | throughput per GPU (TFLOP/s/GPU): 339.9 | tokens/sec/GPU: 7335 | learning rate: 3.000000E-04 | global batch size:   256 | lm loss: 6.288620E+00 | loss scale: 1.0 | grad norm: 2.146 | number of skipped iterations:   0 | number of nan iterations:   0 |
3: [default3]: [2026-05-06 11:36:52.168586] iteration      113/     250 | consumed samples:        28928 | elapsed time per iteration (ms): 8609.5 | throughput per GPU (TFLOP/s/GPU): 352.8 | tokens/sec/GPU: 7612 | learning rate: 3.000000E-04 | global batch size:   256 | lm loss: 6.409922E+00 | loss scale: 1.0 | grad norm: 2.990 | number of skipped iterations:   0 | number of nan iterations:   0 |
3: [default3]: [2026-05-06 11:37:00.193400] iteration      114/     250 | consumed samples:        29184 | elapsed time per iteration (ms): 8024.6 | throughput per GPU (TFLOP/s/GPU): 378.5 | tokens/sec/GPU: 8167 | learning rate: 3.000000E-04 | global batch size:   256 | lm loss: 6.333581E+00 | loss scale: 1.0 | grad norm: 2.598 | number of skipped iterations:   0 | number of nan iterations:   0 |
3: [default3]: [2026-05-06 11:37:08.229227] iteration      115/     250 | consumed samples:        29440 | elapsed time per iteration (ms): 8035.6 | throughput per GPU (TFLOP/s/GPU): 378.0 | tokens/sec/GPU: 8156 | learning rate: 3.000000E-04 | global batch size:   256 | lm loss: 6.300094E+00 | loss scale: 1.0 | grad norm: 1.823 | number of skipped iterations:   0 | number of nan iterations:   0 |
3: [default3]: [2026-05-06 11:37:16.662353] iteration      116/     250 | consumed samples:        29696 | elapsed time per iteration (ms): 8433.0 | throughput per GPU (TFLOP/s/GPU): 360.1 | tokens/sec/GPU: 7771 | learning rate: 3.000000E-04 | global batch size:   256 | lm loss: 6.177665E+00 | loss scale: 1.0 | grad norm: 2.396 | number of skipped iterations:   0 | number of nan iterations:   0 |
3: [default3]: [2026-05-06 11:37:24.690209] iteration      117/     250 | consumed samples:        29952 | elapsed time per iteration (ms): 8027.7 | throughput per GPU (TFLOP/s/GPU): 378.3 | tokens/sec/GPU: 8164 | learning rate: 3.000000E-04 | global batch size:   256 | lm loss: 6.272454E+00 | loss scale: 1.0 | grad norm: 2.017 | number of skipped iterations:   0 | number of nan iterations:   0 |
3: [default3]: [2026-05-06 11:37:32.877496] iteration      118/     250 | consumed samples:        30208 | elapsed time per iteration (ms): 8187.1 | throughput per GPU (TFLOP/s/GPU): 371.0 | tokens/sec/GPU: 8005 | learning rate: 3.000000E-04 | global batch size:   256 | lm loss: 6.167333E+00 | loss scale: 1.0 | grad norm: 1.392 | number of skipped iterations:   0 | number of nan iterations:   0 |
3: [default3]: [2026-05-06 11:37:41.883655] iteration      119/     250 | consumed samples:        30464 | elapsed time per iteration (ms): 9006.0 | throughput per GPU (TFLOP/s/GPU): 337.2 | tokens/sec/GPU: 7277 | learning rate: 3.000000E-04 | global batch size:   256 | lm loss: 6.186296E+00 | loss scale: 1.0 | grad norm: 2.515 | number of skipped iterations:   0 | number of nan iterations:   0 |
3: [default3]: [2026-05-06 11:37:50.780620] iteration      120/     250 | consumed samples:        30720 | elapsed time per iteration (ms): 8896.8 | throughput per GPU (TFLOP/s/GPU): 341.4 | tokens/sec/GPU: 7366 | learning rate: 3.000000E-04 | global batch size:   256 | lm loss: 6.151568E+00 | loss scale: 1.0 | grad norm: 1.812 | number of skipped iterations:   0 | number of nan iterations:   0 |
3: [default3]: [2026-05-06 11:37:58.813042] iteration      121/     250 | consumed samples:        30976 | elapsed time per iteration (ms): 8032.2 | throughput per GPU (TFLOP/s/GPU): 378.1 | tokens/sec/GPU: 8159 | learning rate: 3.000000E-04 | global batch size:   256 | lm loss: 6.081029E+00 | loss scale: 1.0 | grad norm: 3.063 | number of skipped iterations:   0 | number of nan iterations:   0 |
3: [default3]: [2026-05-06 11:38:07.741684] iteration      122/     250 | consumed samples:        31232 | elapsed time per iteration (ms): 8928.4 | throughput per GPU (TFLOP/s/GPU): 340.2 | tokens/sec/GPU: 7340 | learning rate: 3.000000E-04 | global batch size:   256 | lm loss: 6.187864E+00 | loss scale: 1.0 | grad norm: 2.309 | number of skipped iterations:   0 | number of nan iterations:   0 |
3: [default3]: [2026-05-06 11:38:16.392334] iteration      123/     250 | consumed samples:        31488 | elapsed time per iteration (ms): 8650.5 | throughput per GPU (TFLOP/s/GPU): 351.1 | tokens/sec/GPU: 7576 | learning rate: 3.000000E-04 | global batch size:   256 | lm loss: 6.162730E+00 | loss scale: 1.0 | grad norm: 1.772 | number of skipped iterations:   0 | number of nan iterations:   0 |
3: [default3]: [2026-05-06 11:38:25.579366] iteration      124/     250 | consumed samples:        31744 | elapsed time per iteration (ms): 9186.9 | throughput per GPU (TFLOP/s/GPU): 330.6 | tokens/sec/GPU: 7134 | learning rate: 3.000000E-04 | global batch size:   256 | lm loss: 6.093191E+00 | loss scale: 1.0 | grad norm: 1.740 | number of skipped iterations:   0 | number of nan iterations:   0 |
3: [default3]: [2026-05-06 11:38:33.771985] iteration      125/     250 | consumed samples:        32000 | elapsed time per iteration (ms): 8192.4 | throughput per GPU (TFLOP/s/GPU): 370.7 | tokens/sec/GPU: 8000 | learning rate: 3.000000E-04 | global batch size:   256 | lm loss: 6.128279E+00 | loss scale: 1.0 | grad norm: 1.711 | number of skipped iterations:   0 | number of nan iterations:   0 |
3: [default3]: [2026-05-06 11:38:42.541634] iteration      126/     250 | consumed samples:        32256 | elapsed time per iteration (ms): 8769.4 | throughput per GPU (TFLOP/s/GPU): 346.3 | tokens/sec/GPU: 7473 | learning rate: 3.000000E-04 | global batch size:   256 | lm loss: 6.041527E+00 | loss scale: 1.0 | grad norm: 1.811 | number of skipped iterations:   0 | number of nan iterations:   0 |
3: [default3]: [2026-05-06 11:38:50.962868] iteration      127/     250 | consumed samples:        32512 | elapsed time per iteration (ms): 8421.1 | throughput per GPU (TFLOP/s/GPU): 360.7 | tokens/sec/GPU: 7782 | learning rate: 3.000000E-04 | global batch size:   256 | lm loss: 6.029275E+00 | loss scale: 1.0 | grad norm: 2.079 | number of skipped iterations:   0 | number of nan iterations:   0 |
3: [default3]: [2026-05-06 11:39:01.152600] iteration      128/     250 | consumed samples:        32768 | elapsed time per iteration (ms): 10189.5 | throughput per GPU (TFLOP/s/GPU): 298.1 | tokens/sec/GPU: 6432 | learning rate: 3.000000E-04 | global batch size:   256 | lm loss: 6.011277E+00 | loss scale: 1.0 | grad norm: 1.106 | number of skipped iterations:   0 | number of nan iterations:   0 |
srun: Job step aborted: Waiting up to 32 seconds for job step to finish.
0: slurmstepd: error: *** STEP 2051299.0 ON nid006150 CANCELLED AT 2026-05-06T11:39:09 DUE TO TIME LIMIT ***
slurmstepd: error: *** JOB 2051299 ON nid006150 CANCELLED AT 2026-05-06T11:39:09 DUE TO TIME LIMIT ***
3: W0506 11:39:09.016000 223037 torch/distributed/elastic/agent/server/api.py:739] Received 15 death signal, shutting down workers
1: W0506 11:39:09.016000 246753 torch/distributed/elastic/agent/server/api.py:739] Received 15 death signal, shutting down workers
2: W0506 11:39:09.016000 267848 torch/distributed/elastic/agent/server/api.py:739] Received 15 death signal, shutting down workers
0: W0506 11:39:09.016000 62321 torch/distributed/elastic/agent/server/api.py:739] Received 15 death signal, shutting down workers
3: W0506 11:39:09.017000 223037 torch/distributed/elastic/multiprocessing/api.py:1010] Sending process 223442 closing signal SIGTERM
1: W0506 11:39:09.017000 246753 torch/distributed/elastic/multiprocessing/api.py:1010] Sending process 247143 closing signal SIGTERM
2: W0506 11:39:09.017000 267848 torch/distributed/elastic/multiprocessing/api.py:1010] Sending process 268244 closing signal SIGTERM
0: W0506 11:39:09.017000 62321 torch/distributed/elastic/multiprocessing/api.py:1010] Sending process 62736 closing signal SIGTERM
0: W0506 11:39:09.019000 62321 torch/distributed/elastic/multiprocessing/api.py:1010] Sending process 62737 closing signal SIGTERM
3: W0506 11:39:09.019000 223037 torch/distributed/elastic/multiprocessing/api.py:1010] Sending process 223443 closing signal SIGTERM
1: W0506 11:39:09.020000 246753 torch/distributed/elastic/multiprocessing/api.py:1010] Sending process 247144 closing signal SIGTERM
2: W0506 11:39:09.020000 267848 torch/distributed/elastic/multiprocessing/api.py:1010] Sending process 268245 closing signal SIGTERM
0: W0506 11:39:09.023000 62321 torch/distributed/elastic/multiprocessing/api.py:1010] Sending process 62738 closing signal SIGTERM
3: W0506 11:39:09.023000 223037 torch/distributed/elastic/multiprocessing/api.py:1010] Sending process 223442 closing signal SIGTERM
1: W0506 11:39:09.024000 246753 torch/distributed/elastic/multiprocessing/api.py:1010] Sending process 247145 closing signal SIGTERM
3: W0506 11:39:09.025000 223037 torch/distributed/elastic/multiprocessing/api.py:1010] Sending process 223443 closing signal SIGTERM
2: W0506 11:39:09.024000 267848 torch/distributed/elastic/multiprocessing/api.py:1010] Sending process 268244 closing signal SIGTERM
3: W0506 11:39:09.025000 223037 torch/distributed/elastic/multiprocessing/api.py:1010] Sending process 223444 closing signal SIGTERM
2: W0506 11:39:09.026000 267848 torch/distributed/elastic/multiprocessing/api.py:1010] Sending process 268245 closing signal SIGTERM
2: W0506 11:39:09.026000 267848 torch/distributed/elastic/multiprocessing/api.py:1010] Sending process 268246 closing signal SIGTERM
0: W0506 11:39:09.027000 62321 torch/distributed/elastic/multiprocessing/api.py:1010] Sending process 62739 closing signal SIGTERM
0: [default1]:Stack (most recent call first):
0: [default1]:  File "/users/course_00306/Project/large-whale-ai/Megatron-LM/megatron/training/utils.py", line 687 in _broadcast_cu_seqlens
0: [default1]:  File "/users/course_00306/Project/large-whale-ai/Megatron-LM/megatron/training/utils.py", line 703 in get_batch_on_this_tp_rank
0: [default1]:  File "/users/course_00306/Project/large-whale-ai/Megatron-LM/pretrain_gpt.py", line 75 in get_batch
0: [default1]:  File "/users/course_00306/Project/large-whale-ai/Megatron-LM/pretrain_gpt.py", line 182 in forward_step
0: [default1]:  File "/users/course_00306/Project/large-whale-ai/Megatron-LM/megatron/core/pipeline_parallel/schedules.py", line 423 in forward_step
0: [default1]:  File "/users/course_00306/Project/large-whale-ai/Megatron-LM/megatron/core/pipeline_parallel/schedules.py", line 636 in forward_backward_no_pipelining
0: [default1]:  File "/users/course_00306/Project/large-whale-ai/Megatron-LM/megatron/training/training.py", line 1652 in train_step
0: [default1]:  File "/users/course_
0: 00306/Project/large-whale-ai/Megatron-LM/megatron/training/training.py", line 2801 in train
0: [default1]:  File "/users/course_00306/Project/large-whale-ai/Megatron-LM/megatron/training/training.py", line 1031 in pretrain
0: [default1]:  File "/users/course_00306/Project/large-whale-ai/Megatron-LM/pretrain_gpt.py", line 342 in <module>
1: W0506 11:39:09.031000 246753 torch/distributed/elastic/multiprocessing/api.py:1010] Sending process 247144 closing signal SIGTERM
1: W0506 11:39:09.031000 246753 torch/distributed/elastic/multiprocessing/api.py:1010] Sending process 247145 closing signal SIGTERM
1: W0506 11:39:09.032000 246753 torch/distributed/elastic/multiprocessing/api.py:1010] Sending process 247146 closing signal SIGTERM
3: W0506 11:39:09.027000 223037 torch/distributed/elastic/multiprocessing/api.py:1010] Sending process 223445 closing signal SIGTERM
2: W0506 11:39:09.028000 267848 torch/distributed/elastic/multiprocessing/api.py:1010] Sending process 268247 closing signal SIGTERM
0: W0506 11:39:09.036000 62321 torch/distributed/elastic/multiprocessing/api.py:1010] Sending process 62737 closing signal SIGTERM
3: [default1]:Stack (most recent call first):
0: W0506 11:39:09.037000 62321 torch/distributed/elastic/multiprocessing/api.py:1010] Sending process 62738 closing signal SIGTERM
2: [default3]:Stack (most recent call first):
3: [default1]:  File "/users/course_00306/Project/large-whale-ai/Megatron-LM/megatron/training/utils.py", line 687 in _broadcast_cu_seqlens
0: W0506 11:39:09.037000 62321 torch/distributed/elastic/multiprocessing/api.py:1010] Sending process 62739 closing signal SIGTERM
2: [default0]:Stack (most recent call first):
3: [default1]:  File "/users/course_00306/Project/large-whale-ai/Megatron-LM/megatron/training/utils.py", line 703 in get_batch_on_this_tp_rank
0: [default0]:Stack (most recent call first):
0: [default0]:  File "/usr/lib/python3.12/threading.py", line 359 in wait
0: [default0]:  File "/usr/lib/python3.12/queue.py", line 180 in get
2: [default3]:  File "/users/course_00306/Project/large-whale-ai/Megatron-LM/megatron/training/utils.py", line 687 in _broadcast_cu_seqlens
3: [default3]:Stack (most recent call first):
0: [default0]:  File "/usr/local/lib/python3.12/dist-packages/torch/utils/data/dataloader.py", line 1308 in _try_get_data
0: [default0]:  File "/usr/local/lib/python3.12/dist-packages/torch/utils/data/dataloader.py", line 1467 in _get_data
0: [default0]:  File "/usr/local/lib/python3.12/dist-packages/torch/utils/data/dataloader.py", line 1518 in _next_data
0: [default0]:  File "/usr/local/lib/python3.12/dist-packages/torch/utils/data/dataloader.py", line 740 in __next__
2: [default3]:  File "/users/course_00306/Project/large-whale-ai/Megatron-LM/megatron/training/utils.py", line 703 in get_batch_on_this_tp_rank
3: [default3]:  File "/users/course_00306/Project/large-whale-ai/Megatron-LM/megatron/training/utils.py", line 687 in _broadcast_cu_seqlens
3: [default1]:  File "/users/course_00306/Project/large-whale-ai/Megatron-LM/pretrain_gpt.py", line 75 in get_batch
0: [default0]:  File "/users/course_00306/Project/large-whale-ai/Megatron-LM/megatron/core/rerun_state_machine.py", line 1124 in __next__
0: [default0]:  File "/users/course_00306/Project/large-whale-ai/Megatron-LM/megatron/training/utils.py", line 532 in get_batch_on_this_tp_rank
0: [default0]:  File "/users/course_00306/Project/large-whale-ai/Megatron-LM/pretrain_gpt.py", line 75 in get_batch
0: [default0]:  File "/users/course_00306/Project/large-whale-ai/Megatron-LM/pretrain_gpt.py", line 182 in forward_step
0: [default0]:  File "/users/course_00306/Project/large-whale-ai/Megatron-LM/megatron/core/pipeline_parallel/schedules.py", line 423 in forward_step
0: [default0]:  File "/users/course_00306/Project/large-whale-ai/Megatron-LM/megatron/core/pipeline_parallel/schedules.py", line 636 in forward_backward_no_pipelining
0: [default0]:  File "/users/course_00306/Project/large-whale-ai/Megatron-LM/megatron/training/training.py", line 1652 in train_step
0: [default0]:  File "/users/course_00306/Project/large-whale-ai/Megatron-LM/mega
2: [default0]:  File "/users/course_00306/Project/large-whale-ai/Megatron-LM/megatron/training/utils.py", line 563 in _broadcast_cu_seqlens
2: [default0]:  File "/users/course_00306/Project/large-whale-ai/Megatron-LM/megatron/training/utils.py", line 585 in get_batch_on_this_tp_rank
3: [default1]:  File "/users/course_00306/Project/large-whale-ai/Megatron-LM/pretrain_gpt.py", line 182 in forward_step
3: [default0]:Stack (most recent call first):
0: tron/training/training.py", line 2801 in train
0: [default0]:  File "/users/course_00306/Project/large-whale-ai/Megatron-LM/megatron/training/training.py", line 1031 in pretrain
2: [default0]:  File "/users/course_00306/Project/large-whale-ai/Megatron-LM/pretrain_gpt.py", line 75 in get_batch
3: [default0]:  File "/users/course_00306/Project/large-whale-ai/Megatron-LM/megatron/training/utils.py", line 563 in _broadcast_cu_seqlens
0: [default0]:  File "/users/course_00306/Project/large-whale-ai/Megatron-LM/pretrain_gpt.py", line 342 in <module>
2: [default0]:  File "/users/course_00306/Project/large-whale-ai/Megatron-LM/pretrain_gpt.py", line 182 in forward_step
2: [default3]:  File "/users/course_00306/Project/large-whale-ai/Megatron-LM/pretrain_gpt.py", line 75 in get_batch
2: [default3]:  File "/users/course_00306/Project/large-whale-ai/Megatron-LM/pretrain_gpt.py", line 182 in forward_step
3: [default1]:  File "/users/course_00306/Project/large-whale-ai/Megatron-LM/megatron/core/pipeline_parallel/schedules.py", line 423 in forward_step
2: [default3]:  File "/users/course_00306/Project/large-whale-ai/Megatron-LM/megatron/core/pipeline_parallel/schedules.py", line 423 in forward_step
2: [default0]:  File "/users/course_00306/Project/large-whale-ai/Megatron-LM/megatron/core/pipeline_parallel/schedules.py", line 423 in forward_step
2: [default3]:  File "/users/course_00306/Project/large-whale-ai/Megatron-LM/megatron/core/pipeline_parallel/schedules.py", line 656 in forward_backward_no_pipelining
3: [default3]:  File "/users/course_00306/Project/large-whale-ai/Megatron-LM/megatron/training/utils.py", line 703 in get_batch_on_this_tp_rank
2: [default3]:  File "/users/course_00306/Project/large-whale-ai/Megatron-LM/megatron/training/training.py", line 1652 in train_step
2: [default0]:  File "/users/course_00306/Project/large-whale-ai/Megatron-LM/megatron/core/pipeline_parallel/schedules.py", line 656 in forward_backward_no_pipelining
2: [default0]:  File "/users/course_00306/Project/large-whale-ai/Megatron-LM/megatron/training/training.py", line 1652 in train_step
2: [default0]:  File "/users/course_00306/Project/large-whale-ai/Megatron-LM/megatron/training/training.py", line 2801 in train
3: [default0]:  File "/users/course_00306/Project/large-whale-ai/Megatron-LM/megatron/training/utils.py", line 585 in get_batch_on_this_tp_rank
2: [default0]:  File "/users/course_00306/Project/large-whale-ai/Megatron-LM/megatron/training/training.py", line 1031 in pretrain
2: [default0]:  File "/users/course_00306/Project/large-whale-ai/Megatron-LM/pretrain_gpt.py", line 342 in <module>
3: [default3]:  File "/users/course_00306/Project/large-whale-ai/Megatron-LM/pretrain_gpt.py", line 75 in get_batch
3: [default0]:  File "/users/course_00306/Project/large-whale-ai/Megatron-LM/pretrain_gpt.py", line 75 in get_batch
3: [default0]:  File "/users/course_00306/Project/large-whale-ai/Megatron-LM/pretrain_gpt.py", line 182 in forward_step
2: [default3]:  File "/users/course_00306/Project/large-whale-ai/Megatron-LM/megatron/training/training.py", line 2801 in train
2: [default3]:  File "/users/course_00306/Project/large-whale-ai/Megatron-LM/megatron/training/training.py", line 1031 in pretrain
2: [default3]:  File "/users/course_00306/Project/large-whale-ai/Megatron-LM/pretrain_gpt.py", line 342 in <module>
3: [default3]:  File "/users/course_00306/Project/large-whale-ai/Megatron-LM/pretrain_gpt.py", line 182 in forward_step
3: [default0]:  File "/users/course_00306/Project/large-whale-ai/Megatron-LM/megatron/core/pipeline_parallel/schedules.py", line 423 in forward_step
2: [default2]:Stack (most recent call first):
2: [default2]:  File "/users/course_00306/Project/large-whale-ai/Megatron-LM/megatron/training/utils.py", line 687 in _broadcast_cu_seqlens
2: [default2]:  File "/users/course_00306/Project/large-whale-ai/Megatron-LM/megatron/training/utils.py", line 703 in get_batch_on_this_tp_rank
2: [default2]:  File "/users/course_00306/Project/large-whale-ai/Megatron-LM/pretrain_gpt.py", line 75 in get_batch
2: [default2]:  File "/users/course_00306/Project/large-whale-ai/Megatron-LM/pretrain_gpt.py", line 182 in forward_step
3: [default0]:  File "/users/course_00306/Project/large-whale-ai/Megatron-LM/megatron/core/pipeline_parallel/schedules.py", line 636 in forward_backward_no_pipelining
3: [default1]:  File "/users/course_00306/Project/large-whale-ai/Megatron-LM/megatron/core/pipeline_parallel/schedules.py", line 636 in forward_backward_no_pipelining
2: [default2]:  File "/users/course_00306/Project/large-whale-ai/Megatron-LM/megatron/core/pipeline_parallel/schedules.py", line 423 in forward_step
3: [default1]:  File "/users/course_00306/Project/large-whale-ai/Megatron-LM/megatron/training/training.py", line 1652 in train_step
2: [default2]:  File "/users/course_00306/Project/large-whale-ai/Megatron-LM/megatron/core/pipeline_parallel/schedules.py", line 656 in forward_backward_no_pipelining
2: [default2]:  File "/users/course_00306/Project/large-whale-ai/Megatron-LM/megatron/training/training.py", line 1652 in train_step
2: [default2]:  File "/users/course_00306/Project/large-whale-ai/Megatron-LM/megatron/training/training.py", line 2801 in train
2: [default2]:  File "/users/course_00306/Project/large-whale-ai/Megatron-LM/megatron/training/training.py", line 1031 in pretrain
2: [default2]:  File "/users/course_00306/Project/large-whale-ai/Megatron-LM/pretrain_gpt.py", line 342 in <module>
3: [default3]:  File "/users/course_00306/Project/large-whale-ai/Megatron-LM/megatron/core/pipeline_parallel/schedules.py", line 423 in forward_step
3: [default0]:  File "/users/course_00306/Project/large-whale-ai/Megatron-LM/megatron/training/training.py", line 1652 in train_step
2: [default1]:Stack (most recent call first):
2: [default1]:  File "/users/course_00306/Project/large-whale-ai/Megatron-LM/megatron/training/utils.py", line 687 in _broadcast_cu_seqlens
2: [default1]:  File "/users/course_00306/Project/large-whale-ai/Megatron-LM/megatron/training/utils.py", line 703 in get_batch_on_this_tp_rank
2: [default1]:  File "/users/course_00306/Project/large-whale-ai/Megatron-LM/pretrain_gpt.py", line 75 in get_batch
3: [default3]:  File "/users/course_00306/Project/large-whale-ai/Megatron-LM/megatron/core/pipeline_parallel/schedules.py", line 636 in forward_backward_no_pipelining
2: [default1]:  File "/users/course_00306/Project/large-whale-ai/Megatron-LM/pretrain_gpt.py", line 182 in forward_step
2: [default1]:  File "/users/course_00306/Project/large-whale-ai/Megatron-LM/megatron/core/pipeline_parallel/schedules.py", line 423 in forward_step
3: [default1]:  File "/users/course_00306/Project/large-whale-ai/Megatron-LM/megatron/training/training.py", line 2801 in train
3: [default0]:  File "/users/course_00306/Project/large-whale-ai/Megatron-LM/megatron/training/training.py", line 2801 in train
2: [default1]:  File "/users/course_00306/Project/large-whale-ai/Megatron-LM/megatron/core/pipeline_parallel/schedules.py", line 656 in forward_backward_no_pipelining
2: [default1]:  File "/users/course_00306/Project/large-whale-ai/Megatron-LM/megatron/training/training.py", line 1652 in train_step
2: [default1]:  File "/users/course_00306/Project/large-whale-ai/Megatron-LM/megatron/training/training.py", line 2801 in train
2: [default1]:  File "/users/course_00306/Project/large-whale-ai/Megatron-LM/megatron/training/training.py", line 1031 in pretrain
2: [default1]:  File "/users/course_00306/Project/large-whale-ai/Megatron-LM/pretrain_gpt.py", line 342 in <module>
3: [default3]:  File "/users/course_00306/Project/large-whale-ai/Megatron-LM/megatron/training/training.py", line 1652 in train_step
3: [default0]:  File "/users/course_00306/Project/large-whale-ai/Megatron-LM/megatron/training/training.py", line 1031 in pretrain
3: [default0]:  File "/users/course_00306/Project/large-whale-ai/Megatron-LM/pretrain_gpt.py", line 342 in <module>
3: [default1]:  File "/users/course_00306/Project/large-whale-ai/Megatron-LM/megatron/training/training.py", line 1031 in pretrain
3: [default3]:  File "/users/course_00306/Project/large-whale-ai/Megatron-LM/megatron/training/training.py", line 2801 in train
3: [default1]:  File "/users/course_00306/Project/large-whale-ai/Megatron-LM/pretrain_gpt.py", line 342 in <module>
3: [default3]:  File "/users/course_00306/Project/large-whale-ai/Megatron-LM/megatron/training/training.py", line 1031 in pretrain
3: [default3]:  File "/users/course_00306/Project/large-whale-ai/Megatron-LM/pretrain_gpt.py", line 342 in <module>
3: [default2]:Stack (most recent call first):
3: [default2]:  File "/users/course_00306/Project/large-whale-ai/Megatron-LM/megatron/training/utils.py", line 687 in _broadcast_cu_seqlens
3: [default2]:  File "/users/course_00306/Project/large-whale-ai/Megatron-LM/megatron/training/utils.py", line 703 in get_batch_on_this_tp_rank
3: [default2]:  File "/users/course_00306/Project/large-whale-ai/Megatron-LM/pretrain_gpt.py", line 75 in get_batch
3: [default2]:  File "/users/course_00306/Project/large-whale-ai/Megatron-LM/pretrain_gpt.py", line 182 in forward_step
3: [default2]:  File "/users/course_00306/Project/large-whale-ai/Megatron-LM/megatron/core/pipeline_parallel/schedules.py", line 423 in forward_step
3: [default2]:  File "/users/course_00306/Project/large-whale-ai/Megatron-LM/megatron/core/pipeline_parallel/schedules.py", line 636 in forward_backward_no_pipelining
3: [default2]:  File "/users/course_00306/Project/large-whale-ai/Megatron-LM/megatron/training/training.py", line 1652 in train_step
3: [default2]:  File "/users/course_00306/Project/large-whale-ai/Megatron-LM/megatron/training/training.py", line 2801 in train
3: [default2]:  File "/users/course_00306/Project/large-whale-ai/Megatron-LM/megatron/training/training.py", line 1031 in pretrain
3: [default2]:  File "/users/course_00306/Project/large-whale-ai/Megatron-LM/pretrain_gpt.py", line 342 in <module>
1: [default1]:Stack (most recent call first):
1: [default1]:  File "/users/course_00306/Project/large-whale-ai/Megatron-LM/megatron/core/pipeline_parallel/schedules.py", line 189 in custom_backward
1: [default1]:  File "/users/course_00306/Project/large-whale-ai/Megatron-LM/megatron/core/pipeline_parallel/schedules.py", line 487 in backward_step
1: [default2]:Stack (most recent call first):
1: [default2]:  File "/users/course_00306/Project/large-whale-ai/Megatron-LM/megatron/core/pipeline_parallel/schedules.py", line 189 in custom_backward
1: [default3]:Stack (most recent call first):
1: [default3]:  File "/users/course_00306/Project/large-whale-ai/Megatron-LM/megatron/core/pipeline_parallel/schedules.py", line 189 in custom_backward
1: [default1]:  File "/users/course_00306/Project/large-whale-ai/Megatron-LM/megatron/core/pipeline_parallel/schedules.py", line 651 in forward_backward_no_pipelining
1: [default2]:  File "/users/course_00306/Project/large-whale-ai/Megatron-LM/megatron/core/pipeline_parallel/schedules.py", line 487 in backward_step
1: [default3]:  File "/users/course_00306/Project/large-whale-ai/Megatron-LM/megatron/core/pipeline_parallel/schedules.py", line 487 in backward_step
1: [default2]:  File "/users/course_00306/Project/large-whale-ai/Megatron-LM/megatron/core/pipeline_parallel/schedules.py", line 651 in forward_backward_no_pipelining
1: [default3]:  File "/users/course_00306/Project/large-whale-ai/Megatron-LM/megatron/core/pipeline_parallel/schedules.py", line 651 in forward_backward_no_pipelining
1: [default3]:  File "/users/course_00306/Project/large-whale-ai/Megatron-LM/megatron/training/training.py", line 1652 in train_step
1: [default0]:Stack (most recent call first):
1: [default0]:  File "/users/course_00306/Project/large-whale-ai/Megatron-LM/megatron/core/pipeline_parallel/schedules.py", line 189 in custom_backward
1: [default3]:  File "/users/course_00306/Project/large-whale-ai/Megatron-LM/megatron/training/training.py", line 2801 in train
1: [default2]:  File "/users/course_00306/Project/large-whale-ai/Megatron-LM/megatron/training/training.py", line 1652 in train_step
1: [default2]:  File "/users/course_00306/Project/large-whale-ai/Megatron-LM/megatron/training/training.py", line 2801 in train
1: [default2]:  File "/users/course_00306/Project/large-whale-ai/Megatron-LM/megatron/training/training.py", line 1031 in pretrain
1: [default0]:  File "/users/course_00306/Project/large-whale-ai/Megatron-LM/megatron/core/pipeline_parallel/schedules.py", line 487 in backward_step
1: [default1]:  File "/users/course_00306/Project/large-whale-ai/Megatron-LM/megatron/training/training.py", line 1652 in train_step
1: [default1]:  File "/users/course_00306/Project/large-whale-ai/Megatron-LM/megatron/training/training.py", line 2801 in train
1: [default3]:  File "/users/course_00306/Project/large-whale-ai/Megatron-LM/megatron/training/training.py", line 1031 in pretrain
1: [default2]:  File "/users/course_00306/Project/large-whale-ai/Megatron-LM/pretrain_gpt.py", line 342 in <module>
1: [default0]:  File "/users/course_00306/Project/large-whale-ai/Megatron-LM/megatron/core/pipeline_parallel/schedules.py", line 651 in forward_backward_no_pipelining
1: [default3]:  File "/users/course_00306/Project/large-whale-ai/Megatron-LM/pretrain_gpt.py", line 342 in <module>
1: [default0]:  File "/users/course_00306/Project/large-whale-ai/Megatron-LM/megatron/training/training.py", line 1652 in train_step
1: [default0]:  File "/users/course_00306/Project/large-whale-ai/Megatron-LM/megatron/training/training.py", line 2801 in train
1: [default0]:  File "/users/course_00306/Project/large-whale-ai/Megatron-LM/megatron/training/training.py", line 1031 in pretrain
1: [default0]:  File "/users/course_00306/Project/large-whale-ai/Megatron-LM/pretrain_gpt.py", line 342 in <module>
1: [default1]:  File "/users/course_00306/Project/large-whale-ai/Megatron-LM/megatron/training/training.py", line 1031 in pretrain
1: [default1]:  File "/users/course_00306/Project/large-whale-ai/Megatron-LM/pretrain_gpt.py", line 342 in <module>
0: [default3]:Stack (most recent call first):
0: [default3]:  File "/users/course_00306/Project/large-whale-ai/Megatron-LM/megatron/training/utils.py", line 687 in _broadcast_cu_seqlens
0: [default3]:  File "/users/course_00306/Project/large-whale-ai/Megatron-LM/megatron/training/utils.py", line 703 in get_batch_on_this_tp_rank
0: [default3]:  File "/users/course_00306/Project/large-whale-ai/Megatron-LM/pretrain_gpt.py", line 75 in get_batch
0: [default3]:  File "/users/course_00306/Project/large-whale-ai/Megatron-LM/pretrain_gpt.py", line 182 in forward_step
0: [default3]:  File "/users/course_00306/Project/large-whale-ai/Megatron-LM/megatron/core/pipeline_parallel/schedules.py", line 423 in forward_step
0: [default3]:  File "/users/course_00306/Project/large-whale-ai/Megatron-LM/megatron/core/pipeline_parallel/schedules.py", line 636 in forward_backward_no_pipelining
0: [default3]:  File "/users/course_00306/Project/large-whale-ai/Megatron-LM/megatron/training/training.py", line 1652 in train_step
0: [default3]:  File "/users/course_00306/Project/large-whale-ai/Megatron-LM/megatron/training/training.py", line 2801 in train
0: [default3]:  File "/users/course_00306/Project/large-whale-ai/Megatron-LM/megatron/training/training.py", line 1031 in pretrain
0: [default3]:  File "/users/course_00306/Project/large-whale-ai/Megatron-LM/pretrain_gpt.py", line 342 in <module>
