START TIME: Fri May 15 08:03:52 PM CEST 2026
=========================================
Configuration: TP=8, DP=2
Total GPUs = 16 (4 nodes × 4 GPUs/node)
Micro Batch Size (MBS) = 2
Global Batch Size (GBS) = 256
Gradient Accumulation Steps = 64
Expected tokens/sec/GPU: ~5,600 (0.53x baseline)
=========================================
0: [default0]:/usr/local/lib/python3.12/dist-packages/torch/library.py:357: UserWarning: Warning only once for all operators,  other operators may also be overridden.
0: [default0]:  Overriding a previously registered kernel for the same operator and the same dispatch key
0: [default0]:  operator: flash_attn::_flash_attn_backward(Tensor dout, Tensor q, Tensor k, Tensor v, Tensor out, Tensor softmax_lse, Tensor(a6!)? dq, Tensor(a7!)? dk, Tensor(a8!)? dv, float dropout_p, float softmax_scale, bool causal, SymInt window_size_left, SymInt window_size_right, float softcap, Tensor? alibi_slopes, bool deterministic, Tensor? rng_state=None) -> Tensor
0: [default0]:    registered at /usr/local/lib/python3.12/dist-packages/torch/_library/custom_ops.py:926
0: [default0]:  dispatch key: ADInplaceOrView
0: [default0]:  previous kernel: no debug info
0: [default0]:       new kernel: registered at /usr/local/lib/python3.12/dist-packages/torch/_library/custom_ops.py:926 (Triggered internally at /opt/pytorch/pytorch/aten/src/ATen/core/dispatch/Op
0: eratorEntry.cpp:208.)
0: [default0]:  self.m.impl(
1: [default0]:Warning: The cache directory for DeepSpeed Triton autotune, /users/course_00306/.triton/autotune, appears to be on an NFS system. While this is generally acceptable, if you experience slowdowns or hanging when DeepSpeed exits, it is recommended to set the TRITON_CACHE_DIR environment variable to a non-NFS path.
1: [default1]:Warning: The cache directory for DeepSpeed Triton autotune, /users/course_00306/.triton/autotune, appears to be on an NFS system. While this is generally acceptable, if you experience slowdowns or hanging when DeepSpeed exits, it is recommended to set the TRITON_CACHE_DIR environment variable to a non-NFS path.
1: [default2]:Warning: The cache directory for DeepSpeed Triton autotune, /users/course_00306/.triton/autotune, appears to be on an NFS system. While this is generally acceptable, if you experience slowdowns or hanging when DeepSpeed exits, it is recommended to set the TRITON_CACHE_DIR environment variable to a non-NFS path.
1: [default3]:Warning: The cache directory for DeepSpeed Triton autotune, /users/course_00306/.triton/autotune, appears to be on an NFS system. While this is generally acceptable, if you experience slowdowns or hanging when DeepSpeed exits, it is recommended to set the TRITON_CACHE_DIR environment variable to a non-NFS path.
3: [default3]:Warning: The cache directory for DeepSpeed Triton autotune, /users/course_00306/.triton/autotune, appears to be on an NFS system. While this is generally acceptable, if you experience slowdowns or hanging when DeepSpeed exits, it is recommended to set the TRITON_CACHE_DIR environment variable to a non-NFS path.
3: [default0]:Warning: The cache directory for DeepSpeed Triton autotune, /users/course_00306/.triton/autotune, appears to be on an NFS system. While this is generally acceptable, if you experience slowdowns or hanging when DeepSpeed exits, it is recommended to set the TRITON_CACHE_DIR environment variable to a non-NFS path.
3: [default2]:Warning: The cache directory for DeepSpeed Triton autotune, /users/course_00306/.triton/autotune, appears to be on an NFS system. While this is generally acceptable, if you experience slowdowns or hanging when DeepSpeed exits, it is recommended to set the TRITON_CACHE_DIR environment variable to a non-NFS path.
3: [default1]:Warning: The cache directory for DeepSpeed Triton autotune, /users/course_00306/.triton/autotune, appears to be on an NFS system. While this is generally acceptable, if you experience slowdowns or hanging when DeepSpeed exits, it is recommended to set the TRITON_CACHE_DIR environment variable to a non-NFS path.
2: [default0]:Warning: The cache directory for DeepSpeed Triton autotune, /users/course_00306/.triton/autotune, appears to be on an NFS system. While this is generally acceptable, if you experience slowdowns or hanging when DeepSpeed exits, it is recommended to set the TRITON_CACHE_DIR environment variable to a non-NFS path.
2: [default3]:Warning: The cache directory for DeepSpeed Triton autotune, /users/course_00306/.triton/autotune, appears to be on an NFS system. While this is generally acceptable, if you experience slowdowns or hanging when DeepSpeed exits, it is recommended to set the TRITON_CACHE_DIR environment variable to a non-NFS path.
2: [default1]:Warning: The cache directory for DeepSpeed Triton autotune, /users/course_00306/.triton/autotune, appears to be on an NFS system. While this is generally acceptable, if you experience slowdowns or hanging when DeepSpeed exits, it is recommended to set the TRITON_CACHE_DIR environment variable to a non-NFS path.
2: [default2]:Warning: The cache directory for DeepSpeed Triton autotune, /users/course_00306/.triton/autotune, appears to be on an NFS system. While this is generally acceptable, if you experience slowdowns or hanging when DeepSpeed exits, it is recommended to set the TRITON_CACHE_DIR environment variable to a non-NFS path.
0: [default0]:Warning: The cache directory for DeepSpeed Triton autotune, /users/course_00306/.triton/autotune, appears to be on an NFS system. While this is generally acceptable, if you experience slowdowns or hanging when DeepSpeed exits, it is recommended to set the TRITON_CACHE_DIR environment variable to a non-NFS path.
0: [default2]:Warning: The cache directory for DeepSpeed Triton autotune, /users/course_00306/.triton/autotune, appears to be on an NFS system. While this is generally acceptable, if you experience slowdowns or hanging when DeepSpeed exits, it is recommended to set the TRITON_CACHE_DIR environment variable to a non-NFS path.
0: [default1]:Warning: The cache directory for DeepSpeed Triton autotune, /users/course_00306/.triton/autotune, appears to be on an NFS system. While this is generally acceptable, if you experience slowdowns or hanging when DeepSpeed exits, it is recommended to set the TRITON_CACHE_DIR environment variable to a non-NFS path.
0: [default3]:Warning: The cache directory for DeepSpeed Triton autotune, /users/course_00306/.triton/autotune, appears to be on an NFS system. While this is generally acceptable, if you experience slowdowns or hanging when DeepSpeed exits, it is recommended to set the TRITON_CACHE_DIR environment variable to a non-NFS path.
1: [default0]:[W515 20:04:31.875427179 ProcessGroupNCCL.cpp:941] Warning: TORCH_NCCL_AVOID_RECORD_STREAMS is the default now, this environment variable is thus deprecated. (function operator())
1: [default1]:[W515 20:04:31.849748389 ProcessGroupNCCL.cpp:941] Warning: TORCH_NCCL_AVOID_RECORD_STREAMS is the default now, this environment variable is thus deprecated. (function operator())
1: [default3]:[W515 20:04:31.877765385 ProcessGroupNCCL.cpp:941] Warning: TORCH_NCCL_AVOID_RECORD_STREAMS is the default now, this environment variable is thus deprecated. (function operator())
1: [default2]:[W515 20:04:31.875416523 ProcessGroupNCCL.cpp:941] Warning: TORCH_NCCL_AVOID_RECORD_STREAMS is the default now, this environment variable is thus deprecated. (function operator())
3: [default3]:> setting tensorboard ...
3: [default3]:WARNING: one_logger package is required to enable e2e metrics tracking. please go to https://confluence.nvidia.com/display/MLWFO/Package+Repositories for details to install it
1: [default0]:[Gloo] Rank 0 is connected to 1 peer ranks. Expected number of connected peer ranks is : 1
1: [default1]:[Gloo] Rank 0 is connected to 1 peer ranks. Expected number of connected peer ranks is : 1
1: [default1]:[Gloo] Rank 0 is connected to 1 peer ranks. Expected number of connected peer ranks is : 1
3: [default2]:[W515 20:04:35.442042671 ProcessGroupNCCL.cpp:941] Warning: TORCH_NCCL_AVOID_RECORD_STREAMS is the default now, this environment variable is thus deprecated. (function operator())
3: [default0]:[W515 20:04:35.440295524 ProcessGroupNCCL.cpp:941] Warning: TORCH_NCCL_AVOID_RECORD_STREAMS is the default now, this environment variable is thus deprecated. (function operator())
3: [default0]:[Gloo] Rank 1 is connected to 1 peer ranks. Expected number of connected peer ranks is : 1
3: [default2]:[Gloo] Rank 1 is connected to 1 peer ranks. Expected number of connected peer ranks is : 1
3: [default1]:[Gloo] Rank 1 is connected to 1 peer ranks. Expected number of connected peer ranks is : 1
3: [default1]:[Gloo] Rank 1 is connected to 1 peer ranks. Expected number of connected peer ranks is : 1
3: [default3]:[Gloo] Rank 1 is connected to 1 peer ranks. Expected number of connected peer ranks is : 1
3: [default3]:[W515 20:04:35.440219910 ProcessGroupNCCL.cpp:941] Warning: TORCH_NCCL_AVOID_RECORD_STREAMS is the default now, this environment variable is thus deprecated. (function operator())
1: [default3]:[Gloo] Rank 0 is connected to 1 peer ranks. Expected number of connected peer ranks is : 1
3: [default1]:[W515 20:04:35.418620852 ProcessGroupNCCL.cpp:941] Warning: TORCH_NCCL_AVOID_RECORD_STREAMS is the default now, this environment variable is thus deprecated. (function operator())
1: [default2]:[Gloo] Rank 0 is connected to 1 peer ranks. Expected number of connected peer ranks is : 1
1: [default1]:[Gloo] Rank 0 is connected to 1 peer ranks. Expected number of connected peer ranks is : 1
1: [default0]:[Gloo] Rank 0 is connected to 1 peer ranks. Expected number of connected peer ranks is : 1
1: [default0]:[Gloo] Rank 0 is connected to 1 peer ranks. Expected number of connected peer ranks is : 1
3: [default0]:[rank12]:[W515 20:04:35.477947537 ProcessGroupNCCL.cpp:5163] Guessing device ID based on global rank. This can cause a hang if rank to GPU mapping is heterogeneous. You can specify device_id in init_process_group()
3: [default0]:[Gloo] Rank 1 is connected to 1 peer ranks. Expected number of connected peer ranks is : 1
3: [default0]:[Gloo] Rank 1 is connected to 1 peer ranks. Expected number of connected peer ranks is : 1
3: [default3]:[Gloo] Rank 1 is connected to 1 peer ranks. Expected number of connected peer ranks is : 1
3: [default3]:[Gloo] Rank 1 is connected to 1 peer ranks. Expected number of connected peer ranks is : 1
3: [default1]:[Gloo] Rank 1 is connected to 1 peer ranks. Expected number of connected peer ranks is : 1
1: [default0]:[rank4]:[W515 20:04:35.329685889 ProcessGroupNCCL.cpp:5163] Guessing device ID based on global rank. This can cause a hang if rank to GPU mapping is heterogeneous. You can specify device_id in init_process_group()
1: [default3]:[Gloo] Rank 0 is connected to 1 peer ranks. Expected number of connected peer ranks is : 1
1: [default3]:[Gloo] Rank 0 is connected to 1 peer ranks. Expected number of connected peer ranks is : 1
0: [default0]:/users/course_00306/Project/large-whale-ai/Megatron-LM/megatron/training/utils.py:411: UserWarning: Overriding default arguments for tokenizer_type:GPT2BPETokenizer with tokenizer_type:GPT2BPETokenizer
0: [default0]:  warnings.warn(message)
0: [default0]:using world size: 16, data-parallel size: 2, context-parallel size: 1, hierarchical context-parallel sizes: None, tensor-model-parallel size: 8, pipeline-model-parallel size: 1
0: [default0]:Number of virtual stages per pipeline stage: None
0: [default0]:using torch.bfloat16 for parameters ...
0: [default0]:------------------------ arguments ------------------------
0: [default0]:  account_for_embedding_in_pipeline_split ......... False
0: [default0]:  account_for_loss_in_pipeline_split .............. False
0: [default0]:  accumulate_allreduce_grads_in_fp32 .............. False
0: [default0]:  activation_func_clamp_value ..................... None
0: [default0]:  adam_beta1 ...................................... 0.9
0: [default0]:  adam_beta2 ...................................... 0.95
0: [default0]:  adam_eps ........................................ 1e-08
0: [default0]:  add_bias_linear ................................. False
0: [default0]:  add_position_embedding .......................... True
0: [default0]:  add_qkv_bias .................................... False
0: [default0]:  adlr_autoresume ................................. False
0: [default0]:  adlr_autoresume_interval ........................ 1000
0: [default0]:  align_grad_reduce ............................... True
0: [default0]:  align_param_gather .............................. False
0: [default0]:  allow_ambiguous_pad_tokens ...................... False
0: [default0]:  app_tag_run_name ................................ None
0: [default0]:  app_tag_run_version ............................. 0.0.0
0: [default0]:  apply_query_key_layer_scaling ................... False
0: [default0]:  apply_residual_connection_post_layernorm ........ False
0: [default0]:  apply_rope_fusion ............................... True
0: [default0]:  apply_wd_to_qk_layernorm ........................ False
0: [default0]:  async_save ...................................... False
0: [default0]:  async_tensor_model_parallel_allreduce ........... True
0: [default0]:  attention_backend ............................... AttnBackend.auto
0: [default0]:  attention_dropout ............................... 0.0
0: [default0]:  attention_output_gate ...................
0: ........ False
0: [default0]:  attention_softmax_in_fp32 ....................... False
0: [default0]:  auto_detect_ckpt_format ......................... False
0: [default0]:  barrier_with_L1_time ............................ True
0: [default0]:  batch_invariant_mode ............................ False
0: [default0]:  bert_binary_head ................................ True
0: [default0]:  bert_embedder_type .............................. megatron
0: [default0]:  bert_load ....................................... None
0: [default0]:  bf16 ............................................ True
0: [default0]:  bias_dropout_fusion ............................. True
0: [default0]:  bias_gelu_fusion ................................ False
0: [default0]:  bias_swiglu_fusion .............................. True
0: [default0]:  biencoder_projection_dim ........................ 0
0: [default0]:  biencoder_shared_query_context_model ............ False
0: [default0]:  block_data_path ................................. None
0: [default0]:  cache_mla_latents ............................... False
0: [default0]:  calc_ft_timeouts ................................ Fal
0: se
0: [default0]:  calculate_per_token_loss ........................ False
0: [default0]:  check_for_large_grads ........................... False
0: [default0]:  check_for_nan_in_loss_and_grad .................. False
0: [default0]:  check_for_spiky_loss ............................ False
0: [default0]:  check_weight_hash_across_dp_replicas_interval ... None
0: [default0]:  ckpt_assume_constant_structure .................. False
0: [default0]:  ckpt_convert_format ............................. None
0: [default0]:  ckpt_convert_save ............................... None
0: [default0]:  ckpt_convert_update_legacy_dist_opt_format ...... False
0: [default0]:  ckpt_format ..................................... torch_dist
0: [default0]:  ckpt_fully_parallel_load ........................ False
0: [default0]:  ckpt_fully_parallel_save ........................ True
0: [default0]:  ckpt_fully_parallel_save_deprecated ............. False
0: [default0]:  ckpt_step ....................................... None
0: [default0]:  classes_fraction ................................ 1.0
0: [default0]:  clip_grad ....................................... 1.0
0: [default0]:  clone_scatter_output_in_embedding ............... True
0: [default0]:  config_logger_dir ............................... 
0: [default0]:  consumed_train_samples .......................... 0
0: [default0]:  consumed_valid_samples .......................... 0
0: [default0]:  context_parallel_size ........................... 1
0: [default0]:  cp_comm_type .................................... ['p2p']
0: [default0]:  cpu_offloading_num_layers ....................... 0
0: [default0]:  create_all_gather_group ......................... False
0: [default0]:  create_attention_mask_in_dataloader ............. True
0: [default0]:  cross_entropy_fusion_impl ....................... native
0: [default0]:  cross_entropy_loss_fusion ....................... True
0: [default0]:  cuda_graph_impl ................................. none
0: [default0]:  cuda_graph_scope ................................ []
0: [default0]:  cuda_graph_warmup_steps ......................... 3
0: [default0]:  data_args_path .................................. None
0: [default0]:  data_cache_path ................................. /users/course_00306/scratch/gipfelsturm/dataset_cache
0: [default0]:  data_parallel_random_init ....................... False
0: [default0]:  data_parallel_sharding_strategy ................. no_shard
0: [default0]:  data_parallel_size .............................. 2
0: [default0]:  data_path ....................................... ['/capstor/store/cscs/swissai/infra01/datasets/nvidia/Nemotron-ClimbMix/climbmix_small_megatron/climbmix_small']
0: [default0]:  data_per_class_fraction ......................... 1.0
0: [default0]:  data_sharding ................................... True
0: [default0]:  dataloader_defer_npy_index_mmap ................. False
0: [default0]:  dataloader_fast_cache_load ...................... False
0: [default0]:  dataloader_type ................................. single
0: [default0]:  ddp_average_in_collective ....................... False
0: [default0]:  ddp_bucket_size ................................. None
0: [default0]:  ddp_num_buckets ................................. None
0: [default0]:  ddp_pad_buckets_for_high_nccl_busbw ............. False
0: [default0]:  ddp_reduce_scatter_with_fp32_accumulation ....... False
0: [default0]:  decode_only_cuda_graphs ......................... False
0: [default0]:  decoder_first_pipeline_num_layers ............... None
0: [default0]:  decoder_last_pipeline_num_layers ................ None
0: [default0]:  decoder_num_layers .............................. None
0: [default0]:  decoder_seq_length .............................. None
0: [default0]:  decoupled_lr .................................... None
0: [default0]:  decoupled_min_lr ................................ None
0: [default0]:  decrease_batch_size_if_needed ................... False
0: [default0]:  defer_embedding_wgrad_compute ................... False
0: [default0]:  delay_wgrad_compute ............................. False
0: [default0]:  deprecated_use_mcore_models ..................... False
0: [default0]:  deterministic_mode .............................. False
0: [default0]:  dino_bottleneck_size ............................ 256
0: [default0]:  dino_freeze_last_layer .......................... 1
0: [default0]:  dino_head_hidden_size ........................... 2048
0: [default0]:  dino_local_crops_number ......................... 10
0: [defa
0: ult0]:  dino_local_img_size ............................. 96
0: [default0]:  dino_norm_last_layer ............................ False
0: [default0]:  dino_teacher_temp ............................... 0.07
0: [default0]:  dino_warmup_teacher_temp ........................ 0.04
0: [default0]:  dino_warmup_teacher_temp_epochs ................. 30
0: [default0]:  disable_bf16_reduced_precision_matmul ........... False
0: [default0]:  disable_chunked_prefill ......................... True
0: [default0]:  disable_jit_fuser ............................... False
0: [default0]:  disable_straggler_on_startup .................... False
0: [default0]:  disable_symmetric_registration .................. False
0: [default0]:  dist_ckpt_format_deprecated ..................... None
0: [default0]:  dist_ckpt_optim_fully_reshardable ............... False
0: [default0]:  dist_ckpt_save_pre_mcore_014 .................... False
0: [default0]:  dist_ckpt_strictness ............................ assume_ok_unexpected
0: [default0]:  distrib_optim_fully_reshardable_mem_efficient ... False
0: [default0]:  distribute_saved_activations .................... False
0: [default0]:  distributed_backend ............................. nccl
0: [default0]:  distributed_timeout_minutes ..................... 10
0: [default0]:  distributed_timeout_seconds_after_init .......... None
0: [default0]:  dsa_indexer_head_dim ............................ None
0: [default0]:  dsa_indexer_loss_coeff .......................... None
0: [default0]:  dsa_indexer_n_heads ............................. None
0: [default0]:  dsa_indexer_topk ................................ None
0: [default0]:  dsa_indexer_use_sparse_loss ..................... False
0: [default0]:  dump_param_to_param_group_map ................... None
0: [default0]:  embedding_init_method_std ....................... None
0: [default0]:  embedding_path .................................. None
0: [default0]:  empty_unused_memory_level ....................... 0
0: [default0]:  enable_cuda_graph ............................... False
0: [default0]:  enable_experimental ............................. False
0: [default0]:  enable_ft_package ............................... False
0: [default0]:  enable_full_sharding_in_hsdp .................... False
0: [default0]:  enable_gloo_process_groups ...................... True
0: [default0]:  enable_gpt_oss .................................. False
0: [default0]:  enable_msc ...................................... True
0: [default0]:  enable_one_logger ............................... True
0: [default0]:  encoder_num_layers .............................. 32
0: [default0]:  encoder_seq_length .............................. 4096
0: [default0]:  end_weight_decay ................................ 0.1
0: [default0]:  eod_mask_loss ................................... False
0: [default0]:  ep_overlap_early_attn_memory_release ............ False
0: [default0]:  error_injection_rate ............................ 0
0: [default0]:  error_injection_type ............................ transient_error
0: [default0]:  eval_interval ................................... 250
0: [default0]:  eval_iters ...................................... 0
0: [default0]:  evidence_data_path .............................. None
0: [default0]:  exit_duration_in_mins ........................... None
0: [default0]:  exit_interval ................................... None
0: [default0]:  exit_on_missing_checkpoint ...................... False
0: [default0]:  exit_signal ..................................... 15
0: [default0]:  exit_signal_handler ............................. False
0: [default0]:  exit_signal_handler_for_dataloader .............. False
0: [default0]:  exp_avg_dtype ................................... torch.float32
0: [default0]:  exp_avg_sq_dtype ................................ torch.float32
0: [default0]:  experimental_attention_variant .................. None
0: [default0]:  expert_model_parallel_size ...................... 1
0: [default0]:  expert_tensor_parallel_size ..................... 8
0: [default0]:  export_force_local_attention .................... False
0: [default0]:  export_kd_cfg ................................... None
0: [default0]:  export_kd_teacher_ckpt_format ................... None
0: [default0]:  export_kd_teacher_load .......................... None
0: [default0]:  export_kd_teacher_model_config .................. None
0: [default0]:  export_kv_cache_quant ........................... none
0: [default0]:  export_legacy_megatron .......................... False
0: [default0]:  export_model_type ............................... GPTModel
0: [default0]:  export_moe_apply_probs_on_input ................. False
0: [default0]:  export_offline_model ............................ False
0: [default0]:  export_qk_l2_norm ............................... False
0: [default0]:  export_quant_cfg ................................ None
0: [default0]:  export_real_quant_cfg ........................... None
0: [default0]:  export_te_mcore_model ........................... False
0: [default0]:  external_cuda_graph ............................. False
0: [default0]:  fake_process_group .............................. False
0: [default0]:  ffn_hidden_size ................................. 14336
0: [default0]:  fim_data ........................................ False
0: [default0]:  fim_eod_token ................................... <|endoftext|>
0: [default0]:  fim_fragment_rate ............................... None
0: [default0]:  fim_middle_token ................................ <fim_middle>
0: [default0]:  fim_no_prefix ................................... None
0: [default0]:  fim_pad_token ................................... <fim_pad>
0: [default0]:  fim_prefix_token ................................ <fim_prefix>
0: [default0]:  fim_rate ........................................ 0.5
0: [default0]:  fim_split_sample ................................ None
0: [default0]:  fim_spm_rate ............
0: ........................ 0.5
0: [default0]:  fim_suffix_token ................................ <fim_suffix>
0: [default0]:  fine_grained_activation_offloading .............. False
0: [default0]:  finetune ........................................ False
0: [default0]:  finetune_data_split ............................. train
0: [default0]:  finetune_hf_dataset ............................. None
0: [default0]:  first_last_layers_bf16 .......................... False
0: [default0]:  flash_decode .................................... False
0: [default0]:  fp16 ............................................ False
0: [default0]:  fp16_lm_cross_entropy ........................... False
0: [default0]:  fp32_residual_connection ........................ False
0: [default0]:  fp4 ............................................. None
0: [default0]:  fp4_param ....................................... False
0: [default0]:  fp4_quantizer_factory ........................... None
0: [default0]:  fp4_recipe ...................................... nvfp4
0: [default0]:  fp8 ............................................. None
0: [default0]:  fp8_amax_compute_algo ........................... most_recent
0: [default0]:  fp8_amax_history_len ............................ 1
0: [default0]:  fp8_interval .................................... 1
0: [default0]:  fp8_margin ...................................... 0
0: [default0]:  fp8_param_gather ................................ Fals
0: e
0: [default0]:  fp8_quantizer_factory ........................... None
0: [default0]:  fp8_recipe ...................................... delayed
0: [default0]:  fp8_wgrad ....................................... True
0: [default0]:  fsdp_double_buffer .............................. False
0: [default0]:  fsdp_manual_registration ........................ False
0: [default0]:  ft_num_warmup_iters ............................. 5
0: [default0]:  full_validation ................................. False
0: [default0]:  global_batch_size ............................... 256
0: [default0]:  glu_linear_offset ............................... 0.0
0: [default0]:  grad_reduce_in_bf16 ............................. False
0: [default0]:  gradient_accumulation_fusion .................... True
0: [default0]:  gradient_reduce_div_fusion ...................... True
0: [default0]:  group_query_attention ........................... True
0: [default0]:  grpo_clamp_eps_lower ............................ 0.01
0: [default0]:  grpo_clamp_eps_upper ............................ 0.01
0: [default0]:  grpo_entropy_term_weight ........................ 0.0
0: [default0]:  grpo_filter_groups_with_same_reward ............. False
0: [default0]:  grpo_group_size ................................. 2
0: [default
0: 0]:  grpo_iterations ................................. 2
0: [default0]:  grpo_kl_beta .................................... 0.001
0: [default0]:  grpo_prompts_per_step ........................... 32
0: [default0]:  head_lr_mult .................................... 1.0
0: [default0]:  heterogeneous_layers_config_encoded_json ........ None
0: [default0]:  heterogeneous_layers_config_path ................ None
0: [default0]:  hidden_dropout .................................. 0.0
0: [default0]:  hidden_size ..................................... 4096
0: [default0]:  hierarchical_context_parallel_sizes ............. None
0: [default0]:  high_priority_stream_groups ..................... []
0: [default0]:  hybrid_attention_ratio .......................... 0.0
0: [default0]:  hybrid_context_parallel ......................... False
0: [default0]:  hybrid_mlp_ratio ................................ 0.0
0: [default0]:  hybrid_override_pattern ......................... None
0: [default0]:  hysteresis ...................................... 2
0: [default0]:  ict_head_size ................................... None
0: [default0]:  ict_load ........................................ None
0: [default0]:  img_h ........................................... 224
0: [default0]:  img_w ........................................... 224
0: [default0]:  indexer_batch_size .............................. 128
0: [default0]:  indexer_log_interval ............................ 1000
0: [default0]:  inference_batch_times_seqlen_threshold .......... -1
0: [default0]:  inference_coordinator_port ...................... 12346
0: [default0]:  inference_dynamic_batching ...................... False
0: [default0]:  inference_dynamic_batching_block_size ........... 256
0: [default0]:  inference_dynamic_batching_buffer_size_gb ....... 40.0
0: [default0]:  inference_dynamic_batching_cuda_graph_max_tokens  16384
0: [default0]:  inference_dynamic_batching_cuda_graph_mixed_prefill_count  16
0: [default0]:  inference_dynamic_batching_max_requests ......... None
0: [default0]:  inference_dynamic_batching_max_tokens ........... None
0: [default0]:  inference_dynamic_batching_num_cuda_graphs ...... 16
0: [default0]:  inference_dynamic_batching_paused_buffer_size_gb  None
0: [default0]:  inference_dynamic_batching_track_paused_request_events  False
0: [default0]:  inference_dynamic_batching_unified_memory_level . 0
0: [default0]:  inference_fuse_tp_communication ................. False
0: [default0]:  inference_logging_step_interval ................. 0
0: [default0]:  inference_max_batch_size ........................ 8
0: [default0]:  inference_max_seq_length ........................ 2560
0: [default0]:  inference_rng_tracker ........................... False
0: [default0]:  inference_wandb_logging ......................... False
0: [default0]:  init_method_std ................................. 0.02
0: [default0]:  init_method_xavier_uniform ...................... False
0: [default0]:  init_model_with_meta_device ..................... False
0: [default0]:  initial_loss_scale .............................. 4294967296
0: [default0]:  inprocess_active_world_size ..................... 16
0: [default0]:  inprocess_barrier_timeout ....................... 120
0: [default0]:  inprocess_completion_timeout .................... 120
0: [default0]:  inprocess_empty_cuda_cache ...................... False
0: [default0]:  inprocess_granularity ........................... node
0: [default0]:  inprocess_hard_timeout .......................... 90
0: [default0]:  inprocess_heartbeat_interval .................... 30
0: [default0]:  inprocess_heartbeat_timeout ..................... 60
0: [default0]:  inprocess_last_call_wait ........................ 1
0: [default0]:  inprocess_max_iterations ........................ None
0: [default0]:  inprocess_monitor_process_interval .............. 1.0
0: [default0]:  inprocess_monitor_thread_interval ............... 1.0
0: [default0]:  inprocess_progress_watchdog_interval ............ 1.0
0: [default0]:  inprocess_restart ............................... False
0: [default0]:  inprocess_soft_timeout .......................... 60
0: [default0]:  inprocess_termination_grace_time ................ 1
0: [default0]:  is_hybrid_model ................................. False
0: [default0]:  iter_per_epoch .................................. 1250
0: [default0]:  iterations_to_skip .............................. []
0: [default0]:  keep_fp8_transpose_cache ........................ False
0: [default0]:  kitchen_attention_backend ....................... sdpa
0: [default0]:  kv_channels ..................................... 128
0: [default0]:  kv_lora_rank .................................... 32
0: [default0]:  langrl_env_config ............................... None
0: [default0]:  langrl_external_server .......................... False
0: [default0]:  langrl_inference_server_conversation_template ... None
0: [default0]:  langrl_inference_server_type .................... inplace_megatron
0: [default0]:  layernorm_epsilon ............................... 1e-05
0: [default0]:  layernorm_zero_centered_gamma ................... False
0: [default0]:  lazy_mpu_init ................................... None
0: [default0]:  legacy_tokenizer ................................ False
0: [default0]:  linear_attention_freq ........................... None
0: [default0]:  linear_conv_kernel_dim .......................... 4
0: [default0]:  linear_key_head_dim ............................. 128
0: [default0]:  linear_num_key_heads ............................ 16
0: [default0]:  linear_num_value_heads .......................... 32
0: [default0]:  linear_value_head_dim ........................... 128
0: [default0]:  load ............................................ None
0: [default0]:  load_main_params_from_ckpt ...................... False
0: [default0]:  local_rank ...................................... 0
0: [default0]:  log_device_memory_used .......................... False
0: [default0]:  log_energy ...................................... False
0: [default0]:  log_interval .................................... 1
0: [default0]:  log_loss_scale_to_tensorboard ................... True
0: [default0]:  log_max_attention_logit ......................... False
0: [default0]:  log_memory_interval ............................. None
0: [default0]:  log_memory_to_tensorboard ....................... True
0: [default0]:  log_num_zeros_in_grad ........................... False
0: [default0]:  log_params_norm ................................. False
0: [default0]:  log_progress .................................... True
0: [default0]:  log_straggler ................................... False
0: [default0]:  log_throughput .................................. True
0: [default0]:  log_timers_to_tensorboard ....................... True
0: [default0]:  log_validation_ppl_to_tensorboard ............... False
0: [default0]:  log_world_size_to_tensorboard ................... False
0: [default0]:  logging_level ................................... None
0: [default0]:  loss_scale ...................................... None
0: [default0]:  loss_scale_window ............................... 1000
0: [default0]:  lr .............................................. 0.0003
0: [default0]:  lr_decay_iters .................................. None
0: [default0]:  lr_decay_samples ................................ None
0: [default0]:  lr_decay_style .................................. constant
0: [default0]:  lr_warmup_fraction .............................. None
0: [default0]:  lr_warmup_init .................................. 0.0
0: [default0]:  lr_warmup_iters ................................. 20
0: [default0]:  lr_warmup_samples ............................... 0
0: [default0]:  lr_wsd_decay_iters .............................. None
0: [default0]:  lr_wsd_decay_samples ............................ None
0: [default0]:  lr_wsd_decay_style .............................. exponential
0: [default0]:  main_grads_dtype ................................ torch.bfloat16
0: [default0]:  main_params_dtype ............................... torch.float32
0: [default0]:  make_vocab_size_divisible_by .................... 128
0: [default0]:  mamba_head_dim .................................. 64
0: [default0]:  mamba_num_groups ................................ 8
0: [default0]:  mamba_num_heads ................................. None
0: [default0]:  mamba_state_dim ................................. 128
0: [default0]:  manual_gc ....................................
0: ... True
0: [default0]:  manual_gc_eval .................................. True
0: [default0]:  manual_gc_interval .............................. 50
0: [default0]:  mask_factor ..................................... 1.0
0: [default0]:  mask_prob ....................................... 0.15
0: [default0]:  mask_type ....................................... random
0: [default0]:  masked_softmax_fusion ........................... True
0: [default0]:  max_position_embeddings ......................... 4096
0: [default0]:  max_seqlen_per_dp_cp_rank ....................... None
0: [default0]:  max_tokens_to_oom ............................... 12000
0: [default0]:  memory_snapshot_path ............................ snapshot.pickle
0: [default0]:  merge_file ...................................... /users/course_00306/Project/large-whale-ai/data/gpt2-merges.txt
0: [default0]:  micro_batch_size ................................ 2
0: [default0]:  microbatch_group_size_per_vp_stage .............. None
0: [default0]:  mid_level_dataset_surplus ....................... 0.005
0: [default0]:  min_loss_scale .................................. 1.0
0: [default0]:  min_lr .......................................... 0.0
0: [default0]:  min_offloaded_tensor_size ....................... 1048576
0: [default0]:  mlp_chunks_for_prefill .......................... 1
0: [default0]:  mmap_bin_files .................................. True
0: [default0]:  mock_data ....................................... False
0: [default0]:  modelopt_enabled ................................ False
0: [default0]:  moe_apply_probs_on_input ........................ False
0: [default0]:  moe_aux_loss_coeff .............................. 0.0
0: [default0]:  moe_deepep_num_sms .............................. 20
0: [default0]:  moe_enable_deepep ............................... False
0: [default0]:  moe_enable_routing_replay ....................... False
0: [default0]:  moe_expert_capacity_factor ...................... None
0: [default0]:  moe_extended_tp ................................. False
0: [default0]:  moe_ffn_hidden_size ............................. None
0: [default0]:  moe_flex_dispatcher_backend ..................... deepep
0: [default0]:  moe_grouped_gemm ................................ False
0: [default0]:  moe_hybridep_num_sms ............................ 16
0: [default0]:  moe_input_jitter_eps ............................ None
0: [default0]:  moe_latent_size ................................. None
0: [default0]:  moe_layer_freq .................................. 1
0: [default0]:  moe_layer_recompute ............................. False
0: [default0]:  moe_pad_expert_input_to_capacity ................ False
0: [default0]:  moe_pad_experts_for_cuda_graph_inference ........ False
0: [default0]:  moe_per_layer_logging ........................... False
0: [default0]:  moe_permute_fusion .............................. False
0: [default0]:  moe_router_bias_update_rate ..................... 0.001
0: [default0]:  moe_router_dtype ................................ None
0: [default0]:  moe_router_enable_expert_bias ................... False
0: [default0]:  moe_router_force_load_balancing ................. False
0: [default0]:  moe_router_fusion ............................... False
0: [default0]:  moe_router_group_topk ........................... None
0: [default0]:  moe_router_load_balancing_type .................. aux_loss
0: [default0]:  moe_router_num_groups ...........................
0:  None
0: [default0]:  moe_router_padding_for_fp8 ...................... False
0: [default0]:  moe_router_padding_for_quantization ............. False
0: [default0]:  moe_router_pre_softmax .......................... False
0: [default0]:  moe_router_score_function ....................... softmax
0: [default0]:  moe_router_topk ................................. 2
0: [default0]:  moe_router_topk_scaling_factor .................. None
0: [default0]:  moe_shared_expert_gate .......................... False
0: [default0]:  moe_shared_expert_intermediate_size ............. None
0: [default0]:  moe_shared_expert_overlap ....................... False
0: [default0]:  moe_token_dispatcher_type ....................... allgather
0: [default0]:  moe_token_drop_policy ........................... probs
0: [default0]:  moe_upcycling_granularity ....................... 1
0: [default0]:  moe_use_legacy_grouped_gemm ..................... False
0: [default0]:  moe_use_upcycling ............................... False
0: [default0]:  moe_z_loss_coeff ................................ None
0: [default0]:  mrope_section ................................... None
0: [default0]:  mscale .......................................... 1.0
0: [default0]:  mscale_all_dim .................................. 0.0
0: [default0]:  mtp_loss_scaling_factor ......................... 0.1
0: [default0]:  mtp_num_layers .................................. None
0: [default0]:  mtp_standalone .................................. False
0: [default0]:  multi_latent_attention .......................... False
0: [default0]:  multiple_validation_sets ........................ False
0: [default0]:  muon_extra_scale_factor ......................... 1.0
0: [default0]:  muon_fp32_matmul_prec ........................... medium
0: [default0]:  muon_momentum ................................... 0.9
0: [default0]:  muon_num_ns_steps ............................... 5
0: [default0]:  muon_scale_mode ................................. spectral
0: [default0]:  muon_split_qkv .................................. True
0: [default0]:  muon_tp_mode .................................... blockwise
0: [default0]:  muon_use_nesterov ............................... False
0: [default0]:  nccl_all_reduce_for_prefill ..................... False
0: [default0]:  nccl_communicator_config_path ................... None
0: [default0]:  nccl_ub ......................................... False
0: [default0]:  no_load_optim ................................... None
0: [default0]:  no_load_rng ..................................... None
0: [default0]:  no_persist_layer_norm ........................... False
0: [default0]:  no_rope_freq .................................... None
0: [default0]:  no_save_optim ................................... None
0: [default0]:  no_save_rng ..................................... None
0: [default0]:  no_weight_decay_cond_type ....................... None
0: [default0]:  non_persistent_ckpt_type ........................ None
0: [default0]:  non_persistent_global_ckpt_dir .................. None
0: [default0]:  non_persistent_local_ckpt_algo .................. fully_parallel
0: [default0]:  non_persistent_local_ckpt_dir ................... None
0: [default0]:  non_persistent_save_interval .................... None
0: [default0]:  normalization ................................... RMSNorm
0: [default0]:  num_attention_heads ............................. 32
0: [default0]:  num_channels .................................... 3
0: [default0]:  num_classes ..................................... 1000
0: [default0]:  num_dataset_builder_threads ..................... 1
0: [default0]:  num_distributed_optimizer_instances ............. 1
0: [default0]:  num_experts ..................................... None
0: [default0]:  num_layers ...................................... 32
0: [default0]:  num_layers_at_end_in_bf16 ....................... 1
0: [default0]:  num_layers_at_start_in_bf16 ..................... 1
0: [default0]:  num_layers_per_virtual_pipeline_stage ........... None
0: [default0]:  num_query_groups ................................ 8
0: [default0]:  num_virtual_stages_per_pipeline_rank ............ None
0: [default0]:  num_workers ..................................... 1
0: [default0]:  object_storage_cache_path ....................... None
0: [default0]:  offload_modules ................................. []
0: [default0]:  one_logger_async ................................ False
0: [default0]:  one_logger_project .............................. megatron-lm
0: [default0]:  one_logger_run_name ............................. None
0: [default0]:  onnx_safe ....................................... None
0: [default0]:  openai_gelu ..................................... False
0: [default0]:  optimizer ....................................... adam
0: [default0]:  optimizer_cpu_offload ........................... False
0: [default0]:  optimizer_offload_fraction ...................... 1.0
0: [default0]:  outer_dp_sharding_strategy ...................... no_shard
0: [default0]:  output_bert_embeddings .......................... Fals
0: e
0: [default0]:  overlap_cpu_optimizer_d2h_h2d ................... False
0: [default0]:  overlap_grad_reduce ............................. True
0: [default0]:  overlap_moe_expert_parallel_comm ................ False
0: [default0]:  overlap_p2p_comm ................................ False
0: [default0]:  overlap_p2p_comm_warmup_flush ................... False
0: [default0]:  overlap_param_gather ............................ True
0: [default0]:  overlap_param_gather_with_optimizer_step ........ False
0: [default0]:  override_opt_param_scheduler .................... False
0: [default0]:  padded_vocab_size ............................... None
0: [default0]:  params_dtype .................................... torch.bfloat16
0: [default0]:  patch_dim ....................................... 16
0: [default0]:  per_dataset_sequences_path ...................... None
0: [default0]:  per_split_data_args_path ........................ None
0: [default0]:  perform_initialization .......................... True
0: [default0]:  perform_rl_step ...........................
0: ...... False
0: [default0]:  phase_transition_iterations ..................... None
0: [default0]:  pin_cpu_grads ................................... True
0: [default0]:  pin_cpu_params .................................. True
0: [default0]:  pipeline_model_parallel_comm_backend ............ None
0: [default0]:  pipeline_model_parallel_layout .................. None
0: [default0]:  pipeline_model_parallel_size .................... 1
0: [default0]:  position_embedding_type ......................... rope
0: [default0]:  pretrained_checkpoint ........................... None
0: [default0]:  profile ......................................... False
0: [default0]:  profile_ranks ................................... [0]
0: [default0]:  profile_step_end ................................ 12
0: [default0]:  profile_step_start .............................. 10
0: [default0]:  q_lora_rank ..................................... None
0: [default0]:  qk_clip ......................................... False
0: [default0]:  qk_clip_alpha ................................... 0.5
0: [default0]:  qk_clip_threshold ............................... 100
0: [default0]:  qk_head_dim ..................................... 128
0: [default0]:  qk_l2_norm ...................................... False
0: [default0]:  qk_layernorm .................................... False
0: [default0]:  qk_pos_emb_head_dim ............................. 64
0: [default0]:  query_in_block_prob ............................. 0.1
0: [default0]:  quick_geglu ..................................... False
0: [default0]:  rampup_batch_size ............................... None
0: [default0]:  rank ............................................ 0
0: [default0]:  recompute_granularity ........................... None
0: [default0]:  recompute_method ................................ None
0: [default0]:  recompute_modules ............................... None
0: [default0]:  recompute_num_layers ............................ None
0: [default0]:  record_memory_history ........................... False
0: [default0]:  refit_method .................................... gloo
0: [default0]:  relative_attention_max_distance ................. 128
0: [default0]:  relative_attention_num_buckets .................. 32
0: [default0]:  replication ..................................... False
0: [default0]:  replication_factor .............................. 2
0: [default0]:  replication_jump ................................ None
0: [default0]:  rerun_mode ...................................... validate_results
0: [default0]:  reset_attention_mask ............................ False
0: [default0]:  reset_position_ids .............................. False
0: [default0]:  result_rejected_tracker_filename ................ None
0: [default0]:  retriever_report_topk_accuracies ................
0:  []
0: [default0]:  retriever_score_scaling ......................... False
0: [default0]:  reuse_grad_buf_for_mxfp8_param_ag ............... False
0: [default0]:  rl_default_temperature .......................... 1.0
0: [default0]:  rl_default_top_k ................................ -1
0: [default0]:  rl_default_top_p ................................ 0
0: [default0]:  rl_importance_sampling_truncation_coef .......... None
0: [default0]:  rl_inference_expert_model_parallel_size ......... None
0: [default0]:  rl_inference_expert_tensor_model_parallel_size .. None
0: [default0]:  rl_inference_logprobs_is_correction ............. False
0: [default0]:  rl_inference_model_unified_memory_level ......... 0
0: [default0]:  rl_inference_pipeline_model_parallel_size ....... None
0: [default0]:  rl_inference_tensor_model_parallel_size ......... None
0: [default0]:  rl_offload_inference_model_weights_when_idle .... False
0: [default0]:  rl_offload_kv_cache_during_training ............. False
0: [default0]:  rl_offload_optimizer_during_inference ........... False
0: [default0]:  rl_parallel_generation_tasks .................... 512
0: [default0]:  rl_partial_rollouts ............................. False
0: [default0]:  rl_prompts_per_eval ............................. 32
0: [default0]:  rl_remove_kv_cache_during_training .............. False
0: [default0]:  rl_reset_cuda_graphs ............................ False
0: [default0]:  rl_sequence_packing_algo ........................ fifo
0: [default0]:  rl_sequence_packing_max_sequences_per_bin ....... 50
0: [default0]:  rl_skip_bos_token ............................... False
0: [default0]:  rl_training_cuda_graphs ......................... False
0: [default0]:  rl_use_sequence_packing ......................... False
0: [default0]:  rl_verify_model_weights_swap .................... False
0: 
0: [default0]:  rope_scaling_factor ............................. 8.0
0: [default0]:  rope_type ....................................... None
0: [default0]:  rotary_base ..................................... 10000
0: [default0]:  rotary_interleaved .............................. False
0: [default0]:  rotary_percent .................................. 1.0
0: [default0]:  rotary_scaling_factor ........................... 1.0
0: [default0]:  rotary_seq_len_interpolation_factor ............. None
0: [default0]:  run_workload_inspector_server ................... False
0: [default0]:  sample_rate ..................................... 1.0
0: [default0]:  save ............................................ None
0: [default0]:  save_dgrads_interval ............................ None
0: [default0]:  save_interval ................................... None
0: [default0]:  save_retain_interval ............................ None
0: [default0]:  save_wgrads_interval ............................ None
0: [default0]:  scatter_gather_tensors_in_pipeline .............. True
0: [default0]:  seed ............................................ 41
0: [default0]:  seq_length ...................................... 4096
0: [default0]:  sequence_parallel ............................... False
0: [default0]:  sft ............................................. False
0: [default0]:  sft_tokenizer_prompt_format ..................... nemotron-h-aligned
0: [default0]:  sgd_momentum .................................... 0.9
0: [default0]:  sharp_enabled_group ............................. None
0: [default0]:  short_seq_prob .................................. 0.1
0: [default0]:  skip_train ...................................... False
0: [default0]:  skipped_train_samples ........................... 0
0: [default0]:  softmax_type .................................... vanilla
0: [default0]:  spec ............................................ None
0: [default0]:  split ........................................... 99,1,0
0: [default0]:  squared_relu .................................... False
0: [default0]:  start_weight_decay .............................. 0.1
0: [default0]:  straggler_ctrlr_port ............................ 65535
0: [default0]:  straggler_minmax_count .......................... 1
0: [default0]:  strict_fsdp_dtensor_load ........................ True
0: [default0]:  suggested_communication_unit_size ............... None
0: [default0]:  swiglu .......................................... True
0: [default0]:  swin_backbone_type .............................. tiny
0: [default0]:  symmetric_ar_type ............................... None
0: [default0]:  te_precision_config_file ........................ None
0: [default0]:  te_rng_tracker .................................. False
0: [default0]:  tensor_model_parallel_size ...................... 8
0: [default0]:  tensorboard_dir ................................. /users/course_00306/scratch/gipfelsturm/experiments/train-8b-tp8-dp2/tensorboard
0: [default0]:  tensorboard_log_interval ........................ 1
0: [default0]:  tensorboard_queue_size .......................... 1000
0: [default0]:  test_data_path .................................. None
0: [default0]:  test_mode ....................................... False
0: [default0]:  tiktoken_num_special_tokens ..................... 1000
0: [default0]:  tiktoken_pattern ................................ None
0: [default0]:  tiktoken_special_tokens ......................... None
0: [default0]:  timing_log_level ................................ 0
0: [default0]:  timing_log_option ............................... minmax
0: [default0]:  titles_data_path ................................ None
0: [default0]:  tokenizer_hf_include_special_tokens ............. False
0: [default0]:  tokenizer_hf_use_fast ........................... False
0: [default0]:  tokenizer_metadata .............................. None
0: [default0]:  tokenizer_model ................................. None
0: [default0]:  tokenizer_sentencepiece_legacy .................. False
0: [default0]:  tokenizer_special_tokens ........................ None
0: [default0]:  tokenizer_type .................................. GPT2BPETokenizer
0: [default0]:  torch_fsdp2_reshard_after_forward ............... True
0: [default0]:  tp_comm_bootstrap_backend ...................
0: .... nccl
0: [default0]:  tp_comm_bulk_dgrad .............................. True
0: [default0]:  tp_comm_bulk_wgrad .............................. True
0: [default0]:  tp_comm_overlap ................................. False
0: [default0]:  tp_comm_overlap_ag .............................. True
0: [default0]:  tp_comm_overlap_cfg ............................. None
0: [default0]:  tp_comm_overlap_rs .............................. True
0: [default0]:  tp_comm_overlap_rs_dgrad ........................ False
0: [default0]:  tp_comm_split_ag ................................ True
0: [default0]:  tp_comm_split_rs ................................ True
0: [default0]:  train_data_path ................................. None
0: [default0]:  train_iters ..................................... 250
0: [default0]:  train_samples ................................... None
0: [default0]:  train_sync_interval ............................. None
0: [default0]:  transformer_impl ................................ transformer_engine
0: [default0]:  transformer_pipeline_model_parallel_size ........ 1
0: [default0]:  trust_remote_code ............................... False
0: [default0]:  untie_embeddings_and_output_weights ............. True
0: [default0]:  use_checkpoint_args ............................. False
0: [default0]:  use_checkpoint_opt_param_scheduler .............. False
0: [default0]:  use_cpu_initialization .......................... None
0: [default0]:  use_dist_ckpt ................................... True
0: [default0]:  use_dist_ckpt_deprecated ........................ False
0: [default0]:  use_distributed_optimizer ....................... True
0: [default0]:  use_flash_attn .................................. False
0: [default0]:  use_fused_weighted_squared_relu ................. False
0: [default0]:  use_kitchen_attention ........................... False
0: [default0]:  use_legacy_models ............................... False
0: [default0]:  use_legacy_static_engine ........................ False
0: [default0]:  use_mamba_mem_eff_path .......................... True
0: [default0]:  use_megatron_fsdp ............................... False
0: [default0]:  use_mp_args_from_checkpoint_args ................ False
0: [default0]:  use_one_sent_docs ............................... False
0: [default0]:  use_persistent_ckpt_worker ...................... False
0: [default0]:  use_precision_aware_optimizer ................... True
0: [default0]:  use_pytorch_profiler ............................ False
0: [default0]:  use_ring_exchange_p2p ........................... False
0: [default0]:  use_rope_scaling ...............................
0: . False
0: [default0]:  use_rotary_position_embeddings .................. False
0: [default0]:  use_sharp ....................................... False
0: [default0]:  use_te_activation_func .......................... False
0: [default0]:  use_tokenizer_model_from_checkpoint_args ........ True
0: [default0]:  use_torch_fsdp2 ................................. False
0: [default0]:  use_torch_optimizer_for_cpu_offload ............. False
0: [default0]:  use_tp_pp_dp_mapping ............................ False
0: [default0]:  v_head_dim ...................................... 128
0: [default0]:  valid_data_path ................................. None
0: [default0]:  variable_seq_lengths ............................ False
0: [default0]:  virtual_pipeline_model_parallel_size ............ None
0: [default0]:  vision_backbone_type ............................ vit
0: [default0]:  vision_pretraining .............................. False
0: [default0]:  vision_pretraining_type ......................... classify
0: [default0]:  vocab_extra_ids ................................. 0
0: [default0]:  vocab_file ...................................... /users/course_00306/Project/large-whale-ai/data/gpt2-vocab.json
0: [default0]:  vocab_size ...................................... None
0: [default0]:  wandb_entity .................................... None
0: [default0]:  wandb_exp_name .................................. None
0: [default0]:  wandb_project ................................... None
0: [default0]:  wandb_save_dir .................................. None
0: [default0]: 
0:  weight_decay .................................... 0.1
0: [default0]:  weight_decay_incr_style ......................... constant
0: [default0]:  wgrad_deferral_limit ............................ 0
0: [default0]:  window_attn_skip_freq ........................... None
0: [default0]:  window_size ..................................... None
0: [default0]:  world_size ...................................... 16
0: [default0]:  yaml_cfg ........................................ None
0: [default0]:-------------------- end of arguments ---------------------
0: [default0]:INFO:megatron.core.num_microbatches_calculator:setting number of microbatches to constant 64
0: [default0]:> building GPT2BPETokenizer tokenizer ...
0: [default0]:WARNING:megatron.core.datasets.megatron_tokenizer:You're using the legacy tokenizer system, which is deprecated and will be removed in a future release. Please migrate to the new tokenizer system (`megatron.core.tokenizers.MegatronTokenizer`).
0: [default0]: > padded vocab (size: 50257) with 943 dummy tokens (new size: 51200)
0: [default0]:WARNING:megatron.core.rerun_state_machine:RerunStateMachine initialized in mode RerunMode.VALIDATE_RESULTS
0: [default0]:> initializing torch distributed ...
0: [default3]:[W515 20:04:35.980073785 ProcessGroupNCCL.cpp:941] Warning: TORCH_NCCL_AVOID_RECORD_STREAMS is the default now, this environment variable is thus deprecated. (function operator())
0: [default0]:[W515 20:04:35.980096505 ProcessGroupNCCL.cpp:941] Warning: TORCH_NCCL_AVOID_RECORD_STREAMS is the default now, this environment variable is thus deprecated. (function operator())
0: [default2]:[W515 20:04:35.980108120 ProcessGroupNCCL.cpp:941] Warning: TORCH_NCCL_AVOID_RECORD_STREAMS is the default now, this environment variable is thus deprecated. (function operator())
0: [default1]:[W515 20:04:35.970652084 ProcessGroupNCCL.cpp:941] Warning: TORCH_NCCL_AVOID_RECORD_STREAMS is the default now, this environment variable is thus deprecated. (function operator())
2: [default2]:[W515 20:04:35.930028058 ProcessGroupNCCL.cpp:941] Warning: TORCH_NCCL_AVOID_RECORD_STREAMS is the default now, this environment variable is thus deprecated. (function operator())
2: [default0]:[Gloo] Rank 1 is connected to 1 peer ranks. Expected number of connected peer ranks is : 1
2: [default0]:[Gloo] Rank 1 is connected to 1 peer ranks. Expected number of connected peer ranks is : 1
2: [default0]:[Gloo] Rank 1 is connected to 1 peer ranks. Expected number of connected peer ranks is : 1
0: [default1]:[Gloo] Rank 0 is connected to 1 peer ranks. Expected number of connected peer ranks is : 1
0: [default1]:[Gloo] Rank 0 is connected to 1 peer ranks. Expected number of connected peer ranks is : 1
0: [default3]:[Gloo] Rank 0 is connected to 1 peer ranks. Expected number of connected peer ranks is : 1
0: [default3]:[Gloo] Rank 0 is connected to 1 peer ranks. Expected number of connected peer ranks is : 1
0: [default3]:[Gloo] Rank 0 is connected to 1 peer ranks. Expected number of connected peer ranks is : 1
0: [default2]:[Gloo] Rank 0 is connected to 1 peer ranks. Expected number of connected peer ranks is : 1
0: [default2]:[Gloo] Rank 0 is connected to 1 peer ranks. Expected number of connected peer ranks is : 1
0: [default2]:[Gloo] Rank 0 is connected to 1 peer ranks. Expected number of connected peer ranks is : 1
2: [default0]:[W515 20:04:35.957136722 ProcessGroupNCCL.cpp:941] Warning: TORCH_NCCL_AVOID_RECORD_STREAMS is the default now, this environment variable is thus deprecated. (function operator())
2: [default0]:[rank8]:[W515 20:04:35.990482551 ProcessGroupNCCL.cpp:5163] Guessing device ID based on global rank. This can cause a hang if rank to GPU mapping is heterogeneous. You can specify device_id in init_process_group()
2: [default1]:[Gloo] Rank 1 is connected to 1 peer ranks. Expected number of connected peer ranks is : 1
2: [default1]:[W515 20:04:35.955177610 ProcessGroupNCCL.cpp:941] Warning: TORCH_NCCL_AVOID_RECORD_STREAMS is the default now, this environment variable is thus deprecated. (function operator())
2: [default1]:[Gloo] Rank 1 is connected to 1 peer ranks. Expected number of connected peer ranks is : 1
2: [default3]:[Gloo] Rank 1 is connected to 1 peer ranks. Expected number of connected peer ranks is : 1
2: [default3]:[Gloo] Rank 1 is connected to 1 peer ranks. Expected number of connected peer ranks is : 1
2: [default3]:[W515 20:04:35.955062381 ProcessGroupNCCL.cpp:941] Warning: TORCH_NCCL_AVOID_RECORD_STREAMS is the default now, this environment variable is thus deprecated. (function operator())
2: [default3]:[Gloo] Rank 1 is connected to 1 peer ranks. Expected number of connected peer ranks is : 1
2: [default2]:[Gloo] Rank 1 is connected to 1 peer ranks. Expected number of connected peer ranks is : 1
2: [default2]:[Gloo] Rank 1 is connected to 1 peer ranks. Expected number of connected peer ranks is : 1
2: [default2]:[Gloo] Rank 1 is connected to 1 peer ranks. Expected number of connected peer ranks is : 1
0: [default0]:[Gloo] Rank 0 is connected to 1 peer ranks. Expected number of connected peer ranks is : 1
0: [default0]:[Gloo] Rank 0 is connected to 1 peer ranks. Expected number of connected peer ranks is : 1
0: [default0]:[Gloo] Rank 0 is connected to 1 peer ranks. Expected number of connected peer ranks is : 1
0: [default0]:> initialized tensor model parallel with size 8
0: [default0]:> initialized pipeline model parallel with size 1
0: [default0]:> setting random seeds to 41 ...
0: [default0]:> compiling dataset index builder ...
0: [default0]:make: Entering directory '/users/course_00306/Project/large-whale-ai/Megatron-LM/megatron/core/datasets'
0: [default0]:/usr/local/lib/python3.12/dist-packages/torch/distributed/c10d_logger.py:83: UserWarning: barrier(): using the device under current context. You can specify `device_id` in `init_process_group` to mute this warning.
0: [default0]:  return func(*args, **kwargs)
0: [default0]:[rank0]:[W515 20:04:36.468258296 ProcessGroupNCCL.cpp:5163] Guessing device ID based on global rank. This can cause a hang if rank to GPU mapping is heterogeneous. You can specify device_id in init_process_group()
0: [default0]:make: Nothing to be done for 'default'.
0: [default0]:make: Leaving directory '/users/course_00306/Project/large-whale-ai/Megatron-LM/megatron/core/datasets'
0: [default0]:>>> done with dataset index builder. Compilation time: 0.085 seconds
0: [default0]:> compiling and loading fused kernels ...
3: [default2]:[Gloo] Rank 1 is connected to 1 peer ranks. Expected number of connected peer ranks is : 1
3: [default2]:[Gloo] Rank 1 is connected to 1 peer ranks. Expected number of connected peer ranks is : 1
1: [default2]:[Gloo] Rank 0 is connected to 1 peer ranks. Expected number of connected peer ranks is : 1
1: [default2]:[Gloo] Rank 0 is connected to 1 peer ranks. Expected number of connected peer ranks is : 1
0: [default1]:[Gloo] Rank 0 is connected to 1 peer ranks. Expected number of connected peer ranks is : 1
2: [default1]:[Gloo] Rank 1 is connected to 1 peer ranks. Expected number of connected peer ranks is : 1
0: [default0]:>>> done with compiling and loading fused kernels. Compilation time: 6.340 seconds
0: [default0]:/usr/local/lib/python3.12/dist-packages/torch/distributed/c10d_logger.py:83: UserWarning: barrier(): using the device under current context. You can specify `device_id` in `init_process_group` to mute this warning.
0: [default0]:  return func(*args, **kwargs)
0: [default0]:time to initialize megatron (seconds): 16.235
0: [default0]:[after in-process setup and before initialize_megatron] datetime: 2026-05-15 20:04:35.328626 
0: [default0]:[after in-job setup and before initialize_megatron] datetime: 2026-05-15 20:04:35.361923 
3: [default3]:INFO:megatron.core.timers:(min, max) time across ranks (ms):
3: [default3]:    startup-program-entry-spread ...................: (0.11, 38.12)
3: [default3]:    startup-library-setup ..........................: (23059.63, 27151.61)
3: [default3]:    startup-program-setup ..........................: (72.33, 92.69)
3: [default3]:    startup-in-process-setup .......................: (0.00, 0.00)
3: [default3]:    startup-in-job-setup ...........................: (32.22, 35.16)
3: [default3]:    startup-initialize-megatron ....................: (6824.09, 10949.59)
3: [default3]:    startup-set-jit-fusion-options .................: (3047.77, 4267.04)
3: [default3]:    all-reduce-start-timestamps-tensor .............: (1.74, 1221.07)
3: [default3]:    startup-megatron-init-local ....................: (11127.07, 15251.47)
3: [default3]:    startup-megatron-init-global ...................: (38386.26, 38386.47)
0: [default0]:[before library-setup] datetime: 2026-05-15 20:04:08.350693
0: [default0]:[after library-setup] datetime: 2026-05-15 20:04:35.236017
0: [default0]:[before megatron-init] datetime: 2026-05-15 20:04:35.328626
0: [default0]:[after megatron is initialized] datetime: 2026-05-15 20:04:47.023820 
0: [default0]:building GPT model ...
1: [default1]: > number of parameters on (tensor, pipeline) model parallel rank (5, 0): 925110272
1: [default0]: > number of parameters on (tensor, pipeline) model parallel rank (4, 0): 925110272
1: [default2]: > number of parameters on (tensor, pipeline) model parallel rank (6, 0): 925110272
1: [default3]: > number of parameters on (tensor, pipeline) model parallel rank (7, 0): 925110272
0: [default2]: > number of parameters on (tensor, pipeline) model parallel rank (2, 0): 925110272
0: [default3]: > number of parameters on (tensor, pipeline) model parallel rank (3, 0): 925110272
0: [default1]: > number of parameters on (tensor, pipeline) model parallel rank (1, 0): 925110272
0: [default0]: > number of parameters on (tensor, pipeline) model parallel rank (0, 0): 925110272
0: [default0]:INFO:megatron.core.distributed.distributed_data_parallel:Setting up DistributedDataParallel with config DistributedDataParallelConfig(grad_reduce_in_fp32=False, overlap_grad_reduce=True, overlap_param_gather=True, align_param_gather=False, use_distributed_optimizer=True, num_distributed_optimizer_instances=1, check_for_nan_in_grad=False, check_for_large_grads=False, bucket_size=40000000, pad_buckets_for_high_nccl_busbw=False, reduce_scatter_with_fp32_accumulation=False, average_in_collective=False, fp8_param_gather=False, reuse_grad_buf_for_mxfp8_param_ag=False, use_megatron_fsdp=False, use_custom_fsdp=False, data_parallel_sharding_strategy='no_shard', gradient_reduce_div_fusion=True, suggested_communication_unit_size=None, preserve_fp32_weights=True, keep_fp8_transpose_cache=False, nccl_ub=False, fsdp_double_buffer=False, outer_dp_sharding_strategy='no_shard', disable_symmetric_registration=False, fsdp_m
0: anual_registration=False, delay_wgrad_compute=False)
0: [default0]:INFO:megatron.core.distributed.param_and_grad_buffer:Number of buckets for gradient all-reduce / reduce-scatter: 17
0: [default0]:Params for bucket 1 (48238592 elements, 48238592 padded size):
0: [default0]:	module.output_layer.weight
0: [default0]:	module.decoder.layers.31.mlp.linear_fc1.weight
0: [default0]:	module.decoder.final_layernorm.weight
0: [default0]:	module.decoder.layers.31.mlp.linear_fc2.weight
0: [default0]:Params for bucket 2 (54542336 elements, 54542336 padded size):
0: [default0]:	module.decoder.layers.31.mlp.linear_fc1.layer_norm_weight
0: [default0]:	module.decoder.layers.30.mlp.linear_fc1.weight
0: [default0]:	module.decoder.layers.30.mlp.linear_fc1.layer_norm_weight
0: [default0]:	module.decoder.layers.29.mlp.linear_fc1.weight
0: [default0]:	module.decoder.layers.31.self_attention.linear_qkv.layer_norm_weight
0: [default0]:	module.decoder.layers.30.mlp.linear_fc2.weight
0: [default0]:	module.decoder.layers.31.self_attention.linear_qkv.weight
0: [default0]:	module.decoder.layers.31.self_attention.linear_proj.weight
0: [default0]:	module.decoder.layers.30.self_attention.linear_qkv.weight
0: [default0]:	module.decoder.layers.30.self_attention.linear_qkv.layer_norm_weight
0: [default0]:	module.decoder.layers.30.self_attention.linear_proj.weight
0: [default0]:	module.decoder.layers.29.mlp.linear_fc2.weight
0: [default0]:Params for bucket 3 (54542336 elements, 54542336 padded size):
0: [default0]:	module.decoder.layers.29.mlp.linear_fc1.layer_norm_weight
0: [default0]:	module.decoder.layers.28.mlp.linear_fc1.weight
0: [default0]:	module.decoder.layers.28.mlp.linear_fc1.layer_norm_weight
0: [default0]:	module.decoder.layers.27.mlp.linear_fc1.weight
0: [default0]:	module.decoder.layers.29.self_attention.linear_proj.weight
0: [default0]:	module.decoder.layers.29.self_attention.linear_
0: qkv.layer_norm_weight
0: [default0]:	module.decoder.layers.29.self_attention.linear_qkv.weight
0: [default0]:	module.decoder.layers.28.mlp.linear_fc2.weight
0: [default0]:	module.decoder.layers.28.self_attention.linear_qkv.weight
0: [default0]:	module.decoder.layers.28.self_attention.linear_qkv.layer_norm_weight
0: [default0]:	module.decoder.layers.28.self_attention.linear_proj.weight
0: [default0]:	module.decoder.layers.27.mlp.linear_fc2.weight
0: [default0]:Params for bucket 4 (54542336 elements, 54542336 padded size):
0: [default0]:	module.decoder.layers.27.mlp.linear_fc1.layer_norm_weight
0: [default0]:	module.decoder.layers.26.mlp.linear_fc1.weight
0: [default0]:	module.decoder.layers.26.mlp.linear_fc1.layer_norm_weight
0: [default0]:	module.decoder.layers.25.mlp.linear_fc1.weight
0: [default0]:	module.decoder.layers.27.self_attention.linear_qkv.weight
0: [default0]:	module.decoder.layers.27.self_attention.linear_proj.weight
0: [default0]:	module.decoder.layers.26.mlp.linear_fc2.weight
0: [default0]:	module.decoder.layers.27.self_attention.linear_qkv.layer_norm_weight
0: [default0]:	module.decoder.layers.26.self_attention.linear_qkv.weight
0: [default0]:	module.decoder.layers.26.self_attention.linear_qkv.layer_norm_weight
0: [default0]:	module.decoder.layers.26.self_attention.linear_proj.weight
0: [default0]:	module.decoder.layers.25.mlp.linear_fc2.weight
0: [default0]:Params for bucket 5 (54542336 elements, 54542336 padded size):
0: [default0]:	module.decoder.layers.25.mlp.linear_fc1.layer_norm_weight
0: [default0]:	module.decoder.layers.24.mlp.linear_fc1.weight
0: [default0]:	module.decoder.layers.24.mlp.linear_fc1.layer_norm_weight
0: [default0]:	module.decoder.layers.23.mlp.linear_fc1.weight
0: [default0]:	module.decoder.layers.24.mlp.linear_fc2.weight
0: [default0]:	module.decoder.layers.25.self_attention.linear_qkv.weight
0: [default0]:	module.decoder.layers.25.self_attention.linear_proj.weight
0: [default0]:	module.decoder.layers.25.self_attention.linear_qkv.layer_norm_weight
0: [default0]:	module.decoder.layers.24.self_attention.linear_qkv.weight
0: [default0]:	module.decoder.layers.24.self_attention.linear_qkv.layer_norm_weight
0: [default0]:	module.decoder.layers.24.self_attention.linear_proj.weight
0: [default0]:	module.decoder.layers.23.mlp.linear_fc2.weight
0: [default0]:Params for bucket 6 (54542336 elements, 54542336 padded size):
0: [default0]:	module.decoder.layers.23.mlp.linear_fc1.layer_norm_weight
0: [default0]:	module.decoder.layers.22.mlp.linear_fc1.weight
0: [default0]:	module.decoder.layers.22.mlp.linear_fc1.layer_norm_weight
0: [default0]:	module.decoder.layers.21.mlp.linear_fc1.weight
0: [default0]:	module.decoder.layers.23.self_attention.linear_qkv.weight
0: [default0]:	module.decoder.layers.23.self_attention.linear_proj.weight
0: [default0]:	module.decoder.layers.22.mlp.linear_fc2.weight
0: [default0]:	module.decoder.layers.23.self_attention.linear_
0: qkv.layer_norm_weight
0: [default0]:	module.decoder.layers.22.self_attention.linear_qkv.weight
0: [default0]:	module.decoder.layers.22.self_attention.linear_qkv.layer_norm_weight
0: [default0]:	module.decoder.layers.22.self_attention.linear_proj.weight
0: [default0]:	module.decoder.layers.21.mlp.linear_fc2.weight
0: [default0]:Params for bucket 7 (54542336 elements, 54542336 padded size):
0: [default0]:	module.decoder.layers.21.mlp.linear_fc1.layer_norm_weight
0: [default0]:	module.decoder.layers.20.mlp.linear_fc1.weight
0: [default0]:	module.decoder.layers.20.mlp.linear_fc1.layer_norm_weight
0: [default0]:	module.decoder.layers.19.mlp.linear_fc1.weight
0: [default0]:	module.decoder.layers.21.self_attention.linear_qkv.layer_norm_weight
0: [default0]:	module.decoder.layers.20.mlp.linear_fc2.weight
0: [default0]:	module.decoder.layers.21.self_attention.linear_qkv.weight
0: [default0]:	module.decoder.layers.21.self_attention.linear_proj.weight
0: [default0]:	module.decoder.layers.20.self_attention.linear_qkv.weight
0: [default0]:	module.decoder.layers.20.self_attention.linear_qkv.layer_norm_weight
0: [default0]:	module.decoder.layers.20.self_attention.linear_proj.weight
0: [default0]:	module.decoder.layers.19.mlp.linear_fc2.weight
0: [default0]:Params for bucket 8 (54542336 elements, 54542336 padded size):
0: [default0]:	module.decoder.layers.19.mlp.linear_fc1.layer_norm_weight
0: [default0]:	module.decoder.layers.18.mlp.linear_fc1.weight
0: [default0]:	module.decoder.layers.18.mlp.linear_fc1.layer_norm_weight
0: [default0]:	module.decoder.layers.18.self_attention.linear_qkv.weight
0: [default0]:	module.decoder.layers.17.mlp.linear_fc1.weight
0: [default0]:	module.decoder.layers.19.self_attention.linear_proj.weight
0: [default0]:	module.decoder.layers.19.self_attention.linear_qkv.layer_norm_weight
0: [default0]:	module.decoder.layers.19.self_attention.linear_qkv.weight
0: [default0]:	module.decoder.layers.18.mlp.linear_fc2.weight
0: [default0]:	module.decoder.layers.18.self_attention.linear_qkv.layer_norm_weight
0: [default0]:	module.decoder.layers.18.self_attention.linear_proj.weight
0: [default0]:	module.decoder.layers.17.mlp.linear_fc2.weight
0: [default0]:Params for bucket 9 (54542336 elements, 54542336 padded size):
0: [default0]:	module.decoder.layers.17.mlp.linear_fc1.layer_norm_weight
0: [default0]:	module.decoder.layers.16.mlp.linear_fc1.weight
0: [default0]:	module.decoder.layers.16.mlp.linear_fc1.layer_norm_weight
0: [default0]:	module.decoder.layers.15.mlp.linear_fc1.weight
0: [default0]:	module.decoder.layers.17.self_attention.linear_proj.weight
0: [default0]:	module.decoder.layers.16.mlp.linear_fc2.weight
0: [default0]:	module.decoder.layers.17.self_attention.linear_qkv.layer_norm_weight
0: [default0]:	module.decoder.layers.17.self_attention.linear_qkv.weight
0: [default0]:	module.decoder.layers.16.self_attention.linear_qkv.weight
0: [default0]:	module.decoder.layers.16.self_attention.linear_qkv.layer_norm_weight
0: [default0]:	module.decoder.layers.16.self_attention.linear_proj.weight
0: [default0]:	module.decoder.layers.15.mlp.linear_fc2.weight
0: [default0]:Params for bucket 10 (54542336 elements, 54542336 padded size):
0: [default0]:	module.decoder.layers.15.mlp.linear_fc1.layer_norm_weight
0: [default0]:	module.decoder.layers.14.mlp.linear_fc1.weight
0: [default0]:	module.decoder.layers.14.mlp.linear_fc1.layer_norm_weight
0: [default0]:	module.decoder.layers.13.mlp.linear_fc1.weight
0: [default0]:	module.decoder.layers.15.self_attention.linear_qkv.weight
0: [default0]:	module.decoder.layers.15.self_attention.linear_proj.weight
0: [default0]:	module.decoder.layers.14.mlp.linear_fc2.weight
0: [default0]:	module.decoder.layers.15.self_attention.linear_qkv.layer_norm_weight
0: [default0]:	module.decoder.layers.14.self_attention.linear_qkv.weight
0: [default0]:	module.decoder.layers.14.self_attention.linear_qkv.layer_norm_weight
0: [default0]:	module.decoder.layers.14.self_attention.linear_proj.weight
0: [default0]:	module.decoder.layers.13.mlp.linear_fc2.weight
0: [default0]:Params for bucket 11 (54542336 elements, 54542336 padded size):
0: [default0]:	module.decoder.layers.13.mlp.linear_fc1.layer_norm_weight
0: [default0]:	module.decoder.layers.12.mlp.linear_fc1.weight
0: [default0]:	module.decoder.layers.12.mlp.linear_fc1.layer_norm_weight
0: [default0]:	module.decoder.layers.11.mlp.linear_fc1.weight
0: [default0]:	module.decoder.layers.13.self_attention.linear_qkv.weight
0: [default0]:	module.decoder.layers.13.self_attention.linear_proj.weight
0: [default0]:	module.decoder.layers.12.mlp.linear_fc2.weight
0: [default0]:	module.decoder.layers.13.self_attention.linear_qkv.layer_norm_weight
0: [default0]:	module.decoder.layers.12.self_attention.linear_qkv.weight
0: [default0]:	module.decoder.layers.12.self_attention.linear_qkv.layer_norm_weight
0: [default0]:	module.decoder.layers.12.self_attention.linear_proj.weight
0: [default0]:	module.decoder.layers.11.mlp.linear_fc2.weight
0: [default0]:Params for bucket 12 (54542336 elements, 54542336 padded size):
0: [default0]:	module.decoder.layers.11.mlp.linear_fc1.la
0: yer_norm_weight
0: [default0]:	module.decoder.layers.10.mlp.linear_fc1.weight
0: [default0]:	module.decoder.layers.10.mlp.linear_fc1.layer_norm_weight
0: [default0]:	module.decoder.layers.9.mlp.linear_fc1.weight
0: [default0]:	module.decoder.layers.11.self_attention.linear_qkv.weight
0: [default0]:	module.decoder.layers.11.self_attention.linear_proj.weight
0: [default0]:	module.decoder.layers.10.mlp.linear_fc2.weight
0: [default0]:	module.decoder.layers.11.self_attention.linear_qkv.layer_norm_weight
0: [default0]:	module.decoder.layers.10.self_attention.linear_qkv.weight
0: [default0]:	module.decoder.layers.10.self_attention.linear_qkv.layer_norm_weight
0: [default0]:	module.decoder.layers.10.self_attention.linear_proj.weight
0: [default0]:	module.decoder.layers.9.mlp.linear_fc2.weight
0: [default0]:Params for bucket 13 (54542336 elements, 54542336 padded size):
0: [default0]:	module.decoder.layers.9.mlp.linear_fc1.layer_norm_weight
0: [default0]:	module.decoder.layers.8.mlp.linear_fc1.weight
0: [default0]:	module.decoder.layers.8.mlp.linear_fc1.layer_n
0: orm_weight
0: [default0]:	module.decoder.layers.7.mlp.linear_fc2.weight
0: [default0]:	module.decoder.layers.9.self_attention.linear_qkv.layer_norm_weight
0: [default0]:	module.decoder.layers.8.mlp.linear_fc2.weight
0: [default0]:	module.decoder.layers.9.self_attention.linear_qkv.weight
0: [default0]:	module.decoder.layers.9.self_attention.linear_proj.weight
0: [default0]:	module.decoder.layers.8.self_attention.linear_qkv.weight
0: [default0]:	module.decoder.layers.8.self_attention.linear_qkv.layer_norm_weight
0: [default0]:	module.decoder.layers.8.self_attention.linear_proj.weight
0: [default0]:	module.decoder.layers.7.mlp.linear_fc1.weight
0: [default0]:Params for bucket 14 (54542336 elements, 54542336 padded size):
0: [default0]:	module.decoder.layers.7.self_attention.linear_qkv.weight
0: [default0]:	module.decoder.layers.7.self_attention.linear_proj.weight
0: [default0]:	module.decoder.layers.7.self_attention.linear_qkv.layer_norm_weight
0: [default0]:	module.decoder.layers.6.mlp.linear_fc1.weight
0: [default0]:	module.decoder.layers.6.self_attention.linear_qkv.layer_norm_weight
0: [default0]:	module.decoder.layers.6.self_attention.linear_proj.weight
0: [default0]:	module.decoder.layers.5.mlp.linear_fc1.weight
0: [default0]:	module.decoder.layers.7.mlp.linear_fc1.layer_norm_weight
0: [default0]:	module.decoder.layers.6.mlp.linear_fc2.weight
0: [default0]:	module.decoder.layers.6.mlp.linear_fc1.layer_norm_weight
0: [default0]:	module.decoder.layers.6.self_attention.linear_qkv.weight
0: [default0]:	module.decoder.layers.5.mlp.linear_fc2.weight
0: [default0]:Params for bucket 15 (54542336 elements, 54542336 padded size):
0: [default0]:	module.decoder.layers.5.self_attention.linear_qkv.weight
0: [default0]:	module.decoder.layers.5.self_attention.linear_qkv.layer_norm_weight
0: [default0]:	module.decoder.layers.4.mlp.linear_fc1.weight
0: [default0]:	module.decoder.layers.4.self_attention.linear_qkv.layer_norm_weight
0: [default0]:	module.decoder.layers.4.self_attention.linear_proj.weight
0: [default0]:	module.decoder.layers.3.mlp.linear_fc1.weight
0: [default0]:	module.decoder.layers.5.mlp.linear_fc1.layer_norm_weight
0: [default0]:	module.decoder.layers.4.mlp.linear_fc2.weight
0: [default0]:	module.decoder.layers.5.self_attention.linear_proj.weight
0: [default0]:	module.decoder.layers.4.mlp.linear_fc1.layer_norm_weight
0: [default0]:	module.decoder.layers.4.self_attention.linear_qkv.weight
0: [default0]:	module.decoder.layers.3.mlp.linear_fc2.weight
0: [default0]:Params for bucket 16 (54542336 elements, 54542336 padded size):
0: [default0]:	module.decoder.layers.3.self_attention.linear_qkv.weight
0: [default0]:	module.decoder.layers.3.self_attention.linear_proj.weight
0: [default0]:	module.decoder.layers.2.mlp.linear_fc1.weight
0: [default0]:	module.decoder.layers.2.mlp.linear_fc1.layer_norm_weight
0: [default0]:	module.decoder.layers.2.self_attention.linear_qkv.weight
0: [default0]:	module.decoder.layers.2.self_attention.linear_proj.weight
0: [default0]:	module.decoder.layers.3.mlp.linear_fc1.layer_norm_weight
0: [default0]:	module.decoder.layers.3.self_attention.linear_qkv.layer_norm_weight
0: [default0]:	module.decoder.layers.2.mlp.linear_fc2.weight
0: [default0]:	module.decoder.layers.2.self_attention.linear_qkv.layer_nor
0: m_weight
0: [default0]:	module.decoder.layers.1.mlp.linear_fc2.weight
0: [default0]:	module.decoder.layers.1.mlp.linear_fc1.weight
0: [default0]:Params for bucket 17 (58736640 elements, 58736640 padded size):
0: [default0]:	module.decoder.layers.1.mlp.linear_fc1.layer_norm_weight
0: [default0]:	module.decoder.layers.1.self_attention.linear_qkv.weight
0: [default0]:	module.decoder.layers.0.mlp.linear_fc2.weight
0: [default0]:	module.decoder.layers.0.mlp.linear_fc1.layer_norm_weight
0: [default0]:	module.decoder.layers.0.self_attention.linear_qkv.weight
0: [default0]:	module.decoder.layers.0.self_attention.linear_proj.weight
0: [default0]:	module.embedding.word_embeddings.weight
0: [default0]:	module.decoder.layers.1.self_attention.linear_proj.weight
0: [default0]:	module.decoder.layers.1.self_attention.linear_qkv.layer_norm_weight
0: [default0]:	module.decoder.layers.0.mlp.linear_fc1.weight
0: [default0]:	module.decoder.layers.0.self_attention.linear_qkv.layer_norm_weight
0: [default0]:INFO:megatron.core.optimizer:Setting up optimizer with config AdamOptimizerConfig(lr=0.0003, min_lr=0.0, decoupled_lr=None, decoupled_min_lr=None, weight_decay=0.1, apply_wd_to_qk_layernorm=False, fp8_recipe='delayed', fp16=False, bf16=True, reuse_grad_buf_for_mxfp8_param_ag=False, params_dtype=torch.bfloat16, use_precision_aware_optimizer=True, store_param_remainders=True, main_grads_dtype=torch.bfloat16, main_params_dtype=torch.float32, exp_avg_dtype=torch.float32, exp_avg_sq_dtype=torch.float32, optimizer='adam', loss_scale=None, initial_loss_scale=4294967296, min_loss_scale=1.0, loss_scale_window=1000, hysteresis=2, adam_beta1=0.9, adam_beta2=0.95, adam_eps=1e-08, decoupled_weight_decay=True, sgd_momentum=0.9, muon_momentum=0.9, muon_split_qkv=True, muon_use_nesterov=False, muon_scale_mode='spectral', muon_fp32_matmul_prec='medium', muon_num_ns_steps=5, muon_tp_mode='blockwise', muon_extra_scale_factor=1.0, use_distributed_optimizer=True, overlap_param_gather=True, overlap_param_gather_with_opt
0: imizer_step=False, optimizer_cpu_offload=False, optimizer_offload_fraction=1.0, use_torch_optimizer_for_cpu_offload=False, overlap_cpu_optimizer_d2h_h2d=False, pin_cpu_grads=True, pin_cpu_params=True, clip_grad=1.0, log_num_zeros_in_grad=False, barrier_with_L1_time=True, timers=<megatron.core.timers.Timers object at 0x4007b7b07140>, config_logger_dir='')
0: [default0]:INFO:megatron.core.optimizer_param_scheduler:> learning rate decay style: constant
0: [default0]:[after model, optimizer, and learning rate scheduler are built] datetime: 2026-05-15 20:04:47.260628 
0: [default0]:> building train, validation, and test datasets ...
0: [default0]: > datasets target sizes (minimum size):
0: [default0]:    train:      64000
0: [default0]:    validation: 0
0: [default0]:    test:       0
0: [default0]:INFO:megatron.core.datasets.blended_megatron_dataset_config:Let split_matrix = [(0, 0.99), (0.99, 1.0), None]
0: [default0]:> building train, validation, and test datasets for GPT ...
0: [default0]:INFO:megatron.core.datasets.blended_megatron_dataset_builder:Building GPTDataset splits with sizes=(64000, 0, 0) and config=GPTDatasetConfig(random_seed=41, sequence_length=4096, blend=(['/capstor/store/cscs/swissai/infra01/datasets/nvidia/Nemotron-ClimbMix/climbmix_small_megatron/climbmix_small'], None), blend_per_split=None, multiple_validation_sets=False, full_validation=False, split='99,1,0', split_matrix=[(0, 0.99), (0.99, 1.0), None], num_dataset_builder_threads=1, path_to_cache='/users/course_00306/scratch/gipfelsturm/dataset_cache', mmap_bin_files=True, mock=False, tokenizer=<megatron.core.tokenizers.text.models.default_tokenizer.DefaultTokenizerText object at 0x4008dc4e2f60>, mid_level_dataset_surplus=0.005, allow_ambiguous_pad_tokens=False, fast_cache_load=False, defer_npy_index_mmap=False, reset_pos
0: ition_ids=False, reset_attention_mask=False, eod_mask_loss=False, create_attention_mask=True, drop_last_partial_validation_sequence=True, add_extra_token_to_sequence=True, object_storage_cache_path=None, data_parallel_size=2, sequence_parallel_size=0, hybrid_context_parallel=False, sequences_per_dataset=None, token_dtype_code=8, context_parallel_size=1)
0: [default0]:INFO:megatron.core.datasets.indexed_dataset:Load the _IndexReader from /capstor/store/cscs/swissai/infra01/datasets/nvidia/Nemotron-ClimbMix/climbmix_small_megatron/climbmix_small.idx
0: [default0]:INFO:megatron.core.datasets.indexed_dataset:	Extract the sequence lengths
0: [default0]:INFO:megatron.core.datasets.indexed_dataset:	Extract the sequence pointers
0: [default0]:INFO:megatron.core.datasets.indexed_dataset:	Extract the document indices
0: [default0]:INFO:megatron.core.datasets.indexed_dataset:> total number of sequences: 48965906
0: [default0]:INFO:megatron.core.datasets.indexed_dataset:> total number of documents: 48965906
0: [default0]:INFO:megatron.core.datasets.gpt_dataset:Load the GPTDataset train indices
0: [default0]:INFO:megatron.core.datasets.gpt_dataset:	Load the document index from 8db6c2b91601f2a8faa1a8527cf04c46-GPTDataset-train-document_index.npy
0: [default0]:INFO:megatron.core.datasets.gpt_dataset:	Load the sample index from 8db6c2b91601f2a8faa1a8527cf04c46-GPTDataset-train-sample_index.npy
0: [default0]:INFO:megatron.core.datasets.gpt_dataset:	Load the shuffle index from 8db6c2b91601f2a8faa1a8527cf04c46-GPTDataset-train-shuffle_index.npy
0: [default0]:INFO:megatron.core.datasets.gpt_dataset:> total number of samples: 8612827
0: [default0]:INFO:megatron.core.datasets.gpt_dataset:Load the GPTDataset valid indices
0: [default0]:INFO:megatron.core.datasets.gpt_dataset:	Load the document index from deeae065b282ae2d7e72b48593f2566c-GPTDataset-valid-document_index.npy
0: [default0]:INFO:megatron.core.datasets.gpt_dataset:	Load the sample index from deeae065b282ae2d7e72b48593f2566c-GPTDataset-valid-sample_index.npy
0: [default0]:INFO:megatron.core.datasets.gpt_dataset:	Load the shuffle index from deeae065b282ae2d7e72b48593f2566c-GPTDataset-valid-shuffle_index.npy
0: [default0]:INFO:megatron.core.datasets.gpt_dataset:> total number of samples: 61644
0: [default0]:> finished creating GPT datasets ...
3: [default3]:INFO:megatron.core.timers:(min, max) time across ranks (ms):
3: [default3]:    model-and-optimizer-setup ......................: (233.69, 235.31)
3: [default3]:    train/valid/test-data-iterators-setup ..........: (5926.60, 6004.40)
0: [default0]:[after dataloaders are built] datetime: 2026-05-15 20:04:53.267274 
0: [default0]:done with setup ...
0: [default0]:training ...
0: [default0]:Overwriting rerun_state_machine.current_iteration from -1 to 0...
0: [default0]:[before the start of training step] datetime: 2026-05-15 20:04:53.338443 
0: [default0]:/users/course_00306/Project/large-whale-ai/Megatron-LM/megatron/core/pipeline_parallel/schedules.py:189: UserWarning: The AccumulateGrad node's stream does not match the stream of the node that produced the incoming gradient. This may incur unnecessary synchronization and break CUDA graph capture if the AccumulateGrad node's stream is the default stream. This mismatch is caused by an AccumulateGrad node created prior to the current iteration being kept alive. This can happen if the autograd graph is still being kept alive by tensors such as the loss, or if you are using DDP, which will stash a reference to the node. To resolve the mismatch, delete all references to the autograd graph or ensure that DDP initialization is performed under the same stream as subsequent forwards. If the mismatch is intentional, you can use torch.autograd.graph.set_warn_on_accumulate_grad_stream_mismatch(False) to suppress this warning. (Triggered internally at /opt/pytorch/pytorch/torch/csrc/autograd/input_buffer.cpp:24
0: 0.)
0: [default0]:  Variable._execution_engine.run_backward(
0: [default0]:/usr/local/lib/python3.12/dist-packages/torch/distributed/c10d_logger.py:83: UserWarning: barrier(): using the device under current context. You can specify `device_id` in `init_process_group` to mute this warning.
0: [default0]:  return func(*args, **kwargs)
3: [default3]: [2026-05-15 20:05:21.287840] iteration        1/     250 | consumed samples:          256 | elapsed time per iteration (ms): 27949.4 | throughput per GPU (TFLOP/s/GPU): 108.7 | tokens/sec/GPU: 2345 | learning rate: 1.500000E-05 | global batch size:   256 | lm loss: 1.167953E+01 | loss scale: 1.0 | grad norm: 10.791 | number of skipped iterations:   0 | number of nan iterations:   0 |
1: [default2]:[Rank 6] (after 1 iterations) memory (MB) | allocated: 8140.32 | max allocated: 15915.68 | reserved: 16216.00 | max reserved: 16216.00
1: [default1]:[Rank 5] (after 1 iterations) memory (MB) | allocated: 8140.32 | max allocated: 15915.68 | reserved: 16216.00 | max reserved: 16216.00
1: [default3]:[Rank 7] (after 1 iterations) memory (MB) | allocated: 8140.32 | max allocated: 15915.68 | reserved: 16216.00 | max reserved: 16216.00
1: [default0]:[Rank 4] (after 1 iterations) memory (MB) | allocated: 8140.32 | max allocated: 15915.68 | reserved: 16216.00 | max reserved: 16216.00
0: [default0]:Number of parameters in transformer block in billions:  6.98
0: [default0]:Number of parameters in embedding layers in billions: 0.42
0: [default0]:Total number of parameters in billions: 7.40
0: [default0]:Number of parameters in most loaded shard in billions: 0.9249
0: [default0]:compute_activation_memory_without_sp
0: [default0]:Activation memory footprint per transformer layer (precise, without SP): 416.0 MB
0: [default1]:[Rank 1] (after 1 iterations) memory (MB) | allocated: 8140.32 | max allocated: 15915.68 | reserved: 16216.00 | max reserved: 16216.00
0: [default0]:Theoretical memory footprints: weight and optimizer=10584.38 MB, activation=14183.47 MB, total=24767.85 MB
0: [default0]:
0: [default0]:[Rank 0] (after 1 iterations) memory (MB) | allocated: 8140.32 | max allocated: 15915.68 | reserved: 16216.00 | max reserved: 16216.00
0: [default2]:[Rank 2] (after 1 iterations) memory (MB) | allocated: 8140.32 | max allocated: 15915.68 | reserved: 16216.00 | max reserved: 16216.00
0: [default3]:[Rank 3] (after 1 iterations) memory (MB) | allocated: 8140.32 | max allocated: 15915.68 | reserved: 16216.00 | max reserved: 16216.00
3: [default3]: [2026-05-15 20:05:43.409292] iteration        2/     250 | consumed samples:          512 | elapsed time per iteration (ms): 25035.3 | throughput per GPU (TFLOP/s/GPU): 121.3 | tokens/sec/GPU: 2618 | learning rate: 3.000000E-05 | global batch size:   256 | lm loss: 1.167763E+01 | loss scale: 1.0 | grad norm: 11.171 | number of skipped iterations:   0 | number of nan iterations:   0 |
1: [default2]:[Rank 6] (after 2 iterations) memory (MB) | allocated: 8140.32 | max allocated: 20326.98 | reserved: 20562.00 | max reserved: 20562.00
1: [default0]:[Rank 4] (after 2 iterations) memory (MB) | allocated: 8140.32 | max allocated: 20326.98 | reserved: 20562.00 | max reserved: 20562.00
1: [default3]:[Rank 7] (after 2 iterations) memory (MB) | allocated: 8140.32 | max allocated: 20326.98 | reserved: 20562.00 | max reserved: 20562.00
1: [default1]:[Rank 5] (after 2 iterations) memory (MB) | allocated: 8140.32 | max allocated: 20326.98 | reserved: 20562.00 | max reserved: 20562.00
0: [default1]:[Rank 1] (after 2 iterations) memory (MB) | allocated: 8140.32 | max allocated: 20326.98 | reserved: 20562.00 | max reserved: 20562.00
0: [default0]:Number of parameters in transformer block in billions:  6.98
0: [default0]:Number of parameters in embedding layers in billions: 0.42
0: [default0]:Total number of parameters in billions: 7.40
0: [default0]:Number of parameters in most loaded shard in billions: 0.9249
0: [default0]:compute_activation_memory_without_sp
0: [default0]:Activation memory footprint per transformer layer (precise, without SP): 416.0 MB
0: [default0]:Theoretical memory footprints: weight and optimizer=10584.38 MB, activation=14183.47 MB, total=24767.85 MB
0: [default0]:
0: [default0]:[Rank 0] (after 2 iterations) memory (MB) | allocated: 8140.32 | max allocated: 20326.98 | reserved: 20562.00 | max reserved: 20562.00
0: [default2]:[Rank 2] (after 2 iterations) memory (MB) | allocated: 8140.32 | max allocated: 20326.98 | reserved: 20562.00 | max reserved: 20562.00
0: [default3]:[Rank 3] (after 2 iterations) memory (MB) | allocated: 8140.32 | max allocated: 20326.98 | reserved: 20562.00 | max reserved: 20562.00
3: [default3]: [2026-05-15 20:06:07.143334] iteration        3/     250 | consumed samples:          768 | elapsed time per iteration (ms): 23733.9 | throughput per GPU (TFLOP/s/GPU): 128.0 | tokens/sec/GPU: 2761 | learning rate: 4.500000E-05 | global batch size:   256 | lm loss: 1.067290E+01 | loss scale: 1.0 | grad norm: 51.078 | number of skipped iterations:   0 | number of nan iterations:   0 |
3: [default3]: [2026-05-15 20:06:33.533606] iteration        4/     250 | consumed samples:         1024 | elapsed time per iteration (ms): 26390.1 | throughput per GPU (TFLOP/s/GPU): 115.1 | tokens/sec/GPU: 2483 | learning rate: 6.000000E-05 | global batch size:   256 | lm loss: 1.221532E+01 | loss scale: 1.0 | grad norm: 34.426 | number of skipped iterations:   0 | number of nan iterations:   0 |
3: [default3]: [2026-05-15 20:06:58.487745] iteration        5/     250 | consumed samples:         1280 | elapsed time per iteration (ms): 24953.9 | throughput per GPU (TFLOP/s/GPU): 121.7 | tokens/sec/GPU: 2626 | learning rate: 7.500000E-05 | global batch size:   256 | lm loss: 1.996161E+01 | loss scale: 1.0 | grad norm: 176.084 | number of skipped iterations:   0 | number of nan iterations:   0 |
3: [default3]: [2026-05-15 20:07:24.962974] iteration        6/     250 | consumed samples:         1536 | elapsed time per iteration (ms): 26475.0 | throughput per GPU (TFLOP/s/GPU): 114.7 | tokens/sec/GPU: 2475 | learning rate: 9.000000E-05 | global batch size:   256 | lm loss: 2.628652E+01 | loss scale: 1.0 | grad norm: 195.064 | number of skipped iterations:   0 | number of nan iterations:   0 |
3: [default3]: [2026-05-15 20:07:53.610210] iteration        7/     250 | consumed samples:         1792 | elapsed time per iteration (ms): 28647.0 | throughput per GPU (TFLOP/s/GPU): 106.0 | tokens/sec/GPU: 2288 | learning rate: 1.050000E-04 | global batch size:   256 | lm loss: 1.609460E+01 | loss scale: 1.0 | grad norm: 17.549 | number of skipped iterations:   0 | number of nan iterations:   0 |
3: [default3]: [2026-05-15 20:08:24.194634] iteration        8/     250 | consumed samples:         2048 | elapsed time per iteration (ms): 30583.7 | throughput per GPU (TFLOP/s/GPU): 99.3 | tokens/sec/GPU: 2143 | learning rate: 1.200000E-04 | global batch size:   256 | lm loss: 2.212055E+01 | loss scale: 1.0 | grad norm: 270.173 | number of skipped iterations:   0 | number of nan iterations:   0 |
3: [default3]: [2026-05-15 20:08:49.291935] iteration        9/     250 | consumed samples:         2304 | elapsed time per iteration (ms): 25097.1 | throughput per GPU (TFLOP/s/GPU): 121.0 | tokens/sec/GPU: 2611 | learning rate: 1.350000E-04 | global batch size:   256 | lm loss: 1.496052E+01 | loss scale: 1.0 | grad norm: 67.283 | number of skipped iterations:   0 | number of nan iterations:   0 |
3: [default3]: [2026-05-15 20:09:17.862151] iteration       10/     250 | consumed samples:         2560 | elapsed time per iteration (ms): 28570.1 | throughput per GPU (TFLOP/s/GPU): 106.3 | tokens/sec/GPU: 2294 | learning rate: 1.500000E-04 | global batch size:   256 | lm loss: 1.188337E+01 | loss scale: 1.0 | grad norm: 5.909 | number of skipped iterations:   0 | number of nan iterations:   0 |
3: [default3]: [2026-05-15 20:09:45.018949] iteration       11/     250 | consumed samples:         2816 | elapsed time per iteration (ms): 27156.6 | throughput per GPU (TFLOP/s/GPU): 111.9 | tokens/sec/GPU: 2413 | learning rate: 1.650000E-04 | global batch size:   256 | lm loss: 1.198906E+01 | loss scale: 1.0 | grad norm: 58.724 | number of skipped iterations:   0 | number of nan iterations:   0 |
3: [default3]: [2026-05-15 20:10:11.542078] iteration       12/     250 | consumed samples:         3072 | elapsed time per iteration (ms): 26522.9 | throughput per GPU (TFLOP/s/GPU): 114.5 | tokens/sec/GPU: 2471 | learning rate: 1.800000E-04 | global batch size:   256 | lm loss: 1.084544E+01 | loss scale: 1.0 | grad norm: 24.946 | number of skipped iterations:   0 | number of nan iterations:   0 |
3: [default3]: [2026-05-15 20:10:35.912461] iteration       13/     250 | consumed samples:         3328 | elapsed time per iteration (ms): 24370.2 | throughput per GPU (TFLOP/s/GPU): 124.7 | tokens/sec/GPU: 2689 | learning rate: 1.950000E-04 | global batch size:   256 | lm loss: 9.994912E+00 | loss scale: 1.0 | grad norm: 6.260 | number of skipped iterations:   0 | number of nan iterations:   0 |
3: [default3]: [2026-05-15 20:11:01.653191] iteration       14/     250 | consumed samples:         3584 | elapsed time per iteration (ms): 25739.9 | throughput per GPU (TFLOP/s/GPU): 118.0 | tokens/sec/GPU: 2546 | learning rate: 2.100000E-04 | global batch size:   256 | lm loss: 9.962681E+00 | loss scale: 1.0 | grad norm: 25.700 | number of skipped iterations:   0 | number of nan iterations:   0 |
3: [default3]: [2026-05-15 20:11:27.432465] iteration       15/     250 | consumed samples:         3840 | elapsed time per iteration (ms): 25779.1 | throughput per GPU (TFLOP/s/GPU): 117.8 | tokens/sec/GPU: 2542 | learning rate: 2.250000E-04 | global batch size:   256 | lm loss: 9.553915E+00 | loss scale: 1.0 | grad norm: 5.813 | number of skipped iterations:   0 | number of nan iterations:   0 |
3: [default3]: [2026-05-15 20:11:53.987990] iteration       16/     250 | consumed samples:         4096 | elapsed time per iteration (ms): 26555.3 | throughput per GPU (TFLOP/s/GPU): 114.4 | tokens/sec/GPU: 2468 | learning rate: 2.400000E-04 | global batch size:   256 | lm loss: 9.242447E+00 | loss scale: 1.0 | grad norm: 7.157 | number of skipped iterations:   0 | number of nan iterations:   0 |
3: [default3]: [2026-05-15 20:12:21.084348] iteration       17/     250 | consumed samples:         4352 | elapsed time per iteration (ms): 27096.2 | throughput per GPU (TFLOP/s/GPU): 112.1 | tokens/sec/GPU: 2419 | learning rate: 2.550000E-04 | global batch size:   256 | lm loss: 8.840607E+00 | loss scale: 1.0 | grad norm: 4.647 | number of skipped iterations:   0 | number of nan iterations:   0 |
3: [default3]: [2026-05-15 20:12:50.509135] iteration       18/     250 | consumed samples:         4608 | elapsed time per iteration (ms): 29424.6 | throughput per GPU (TFLOP/s/GPU): 103.2 | tokens/sec/GPU: 2227 | learning rate: 2.700000E-04 | global batch size:   256 | lm loss: 8.452232E+00 | loss scale: 1.0 | grad norm: 4.733 | number of skipped iterations:   0 | number of nan iterations:   0 |
3: [default3]: [2026-05-15 20:13:15.796910] iteration       19/     250 | consumed samples:         4864 | elapsed time per iteration (ms): 25287.6 | throughput per GPU (TFLOP/s/GPU): 120.1 | tokens/sec/GPU: 2592 | learning rate: 2.850000E-04 | global batch size:   256 | lm loss: 8.513566E+00 | loss scale: 1.0 | grad norm: 28.638 | number of skipped iterations:   0 | number of nan iterations:   0 |
3: [default3]: [2026-05-15 20:13:41.044897] iteration       20/     250 | consumed samples:         5120 | elapsed time per iteration (ms): 25247.8 | throughput per GPU (TFLOP/s/GPU): 120.3 | tokens/sec/GPU: 2596 | learning rate: 3.000000E-04 | global batch size:   256 | lm loss: 8.246771E+00 | loss scale: 1.0 | grad norm: 14.944 | number of skipped iterations:   0 | number of nan iterations:   0 |
3: [default3]: [2026-05-15 20:14:05.042039] iteration       21/     250 | consumed samples:         5376 | elapsed time per iteration (ms): 23997.0 | throughput per GPU (TFLOP/s/GPU): 126.6 | tokens/sec/GPU: 2731 | learning rate: 3.000000E-04 | global batch size:   256 | lm loss: 8.315174E+00 | loss scale: 1.0 | grad norm: 13.492 | number of skipped iterations:   0 | number of nan iterations:   0 |
3: [default3]: [2026-05-15 20:14:28.618148] iteration       22/     250 | consumed samples:         5632 | elapsed time per iteration (ms): 23575.9 | throughput per GPU (TFLOP/s/GPU): 128.9 | tokens/sec/GPU: 2780 | learning rate: 3.000000E-04 | global batch size:   256 | lm loss: 8.258526E+00 | loss scale: 1.0 | grad norm: 7.648 | number of skipped iterations:   0 | number of nan iterations:   0 |
3: [default3]: [2026-05-15 20:14:56.312770] iteration       23/     250 | consumed samples:         5888 | elapsed time per iteration (ms): 27694.5 | throughput per GPU (TFLOP/s/GPU): 109.7 | tokens/sec/GPU: 2366 | learning rate: 3.000000E-04 | global batch size:   256 | lm loss: 8.251741E+00 | loss scale: 1.0 | grad norm: 4.992 | number of skipped iterations:   0 | number of nan iterations:   0 |
3: [default3]: [2026-05-15 20:15:20.322620] iteration       24/     250 | consumed samples:         6144 | elapsed time per iteration (ms): 24009.7 | throughput per GPU (TFLOP/s/GPU): 126.5 | tokens/sec/GPU: 2730 | learning rate: 3.000000E-04 | global batch size:   256 | lm loss: 8.038929E+00 | loss scale: 1.0 | grad norm: 4.565 | number of skipped iterations:   0 | number of nan iterations:   0 |
3: [default3]: [2026-05-15 20:15:42.234762] iteration       25/     250 | consumed samples:         6400 | elapsed time per iteration (ms): 21912.0 | throughput per GPU (TFLOP/s/GPU): 138.6 | tokens/sec/GPU: 2991 | learning rate: 3.000000E-04 | global batch size:   256 | lm loss: 7.806460E+00 | loss scale: 1.0 | grad norm: 5.790 | number of skipped iterations:   0 | number of nan iterations:   0 |
3: [default3]: [2026-05-15 20:16:01.253399] iteration       26/     250 | consumed samples:         6656 | elapsed time per iteration (ms): 19018.5 | throughput per GPU (TFLOP/s/GPU): 159.7 | tokens/sec/GPU: 3446 | learning rate: 3.000000E-04 | global batch size:   256 | lm loss: 7.783633E+00 | loss scale: 1.0 | grad norm: 8.562 | number of skipped iterations:   0 | number of nan iterations:   0 |
3: [default3]: [2026-05-15 20:16:22.687350] iteration       27/     250 | consumed samples:         6912 | elapsed time per iteration (ms): 21433.8 | throughput per GPU (TFLOP/s/GPU): 141.7 | tokens/sec/GPU: 3058 | learning rate: 3.000000E-04 | global batch size:   256 | lm loss: 7.826940E+00 | loss scale: 1.0 | grad norm: 7.555 | number of skipped iterations:   0 | number of nan iterations:   0 |
3: [default3]: [2026-05-15 20:16:50.830526] iteration       28/     250 | consumed samples:         7168 | elapsed time per iteration (ms): 28143.0 | throughput per GPU (TFLOP/s/GPU): 107.9 | tokens/sec/GPU: 2329 | learning rate: 3.000000E-04 | global batch size:   256 | lm loss: 7.822169E+00 | loss scale: 1.0 | grad norm: 7.019 | number of skipped iterations:   0 | number of nan iterations:   0 |
3: [default3]: [2026-05-15 20:17:13.465737] iteration       29/     250 | consumed samples:         7424 | elapsed time per iteration (ms): 22635.0 | throughput per GPU (TFLOP/s/GPU): 134.2 | tokens/sec/GPU: 2895 | learning rate: 3.000000E-04 | global batch size:   256 | lm loss: 7.741767E+00 | loss scale: 1.0 | grad norm: 3.501 | number of skipped iterations:   0 | number of nan iterations:   0 |
3: [default3]: [2026-05-15 20:17:36.855744] iteration       30/     250 | consumed samples:         7680 | elapsed time per iteration (ms): 23389.8 | throughput per GPU (TFLOP/s/GPU): 129.9 | tokens/sec/GPU: 2802 | learning rate: 3.000000E-04 | global batch size:   256 | lm loss: 7.672051E+00 | loss scale: 1.0 | grad norm: 2.474 | number of skipped iterations:   0 | number of nan iterations:   0 |
3: [default3]: [2026-05-15 20:18:02.308681] iteration       31/     250 | consumed samples:         7936 | elapsed time per iteration (ms): 25452.8 | throughput per GPU (TFLOP/s/GPU): 119.4 | tokens/sec/GPU: 2575 | learning rate: 3.000000E-04 | global batch size:   256 | lm loss: 7.609211E+00 | loss scale: 1.0 | grad norm: 2.966 | number of skipped iterations:   0 | number of nan iterations:   0 |
3: [default3]: [2026-05-15 20:18:29.692842] iteration       32/     250 | consumed samples:         8192 | elapsed time per iteration (ms): 27383.9 | throughput per GPU (TFLOP/s/GPU): 110.9 | tokens/sec/GPU: 2393 | learning rate: 3.000000E-04 | global batch size:   256 | lm loss: 7.542120E+00 | loss scale: 1.0 | grad norm: 2.814 | number of skipped iterations:   0 | number of nan iterations:   0 |
3: [default3]: [2026-05-15 20:18:47.888677] iteration       33/     250 | consumed samples:         8448 | elapsed time per iteration (ms): 18195.7 | throughput per GPU (TFLOP/s/GPU): 167.0 | tokens/sec/GPU: 3602 | learning rate: 3.000000E-04 | global batch size:   256 | lm loss: 7.596663E+00 | loss scale: 1.0 | grad norm: 1.840 | number of skipped iterations:   0 | number of nan iterations:   0 |
3: [default3]: [2026-05-15 20:19:11.446312] iteration       34/     250 | consumed samples:         8704 | elapsed time per iteration (ms): 23557.4 | throughput per GPU (TFLOP/s/GPU): 129.0 | tokens/sec/GPU: 2782 | learning rate: 3.000000E-04 | global batch size:   256 | lm loss: 7.539840E+00 | loss scale: 1.0 | grad norm: 3.086 | number of skipped iterations:   0 | number of nan iterations:   0 |
3: [default3]: [2026-05-15 20:19:32.437512] iteration       35/     250 | consumed samples:         8960 | elapsed time per iteration (ms): 20991.0 | throughput per GPU (TFLOP/s/GPU): 144.7 | tokens/sec/GPU: 3122 | learning rate: 3.000000E-04 | global batch size:   256 | lm loss: 7.474217E+00 | loss scale: 1.0 | grad norm: 1.802 | number of skipped iterations:   0 | number of nan iterations:   0 |
3: [default3]: [2026-05-15 20:19:56.816620] iteration       36/     250 | consumed samples:         9216 | elapsed time per iteration (ms): 24378.9 | throughput per GPU (TFLOP/s/GPU): 124.6 | tokens/sec/GPU: 2688 | learning rate: 3.000000E-04 | global batch size:   256 | lm loss: 7.442986E+00 | loss scale: 1.0 | grad norm: 1.886 | number of skipped iterations:   0 | number of nan iterations:   0 |
3: [default3]: [2026-05-15 20:20:21.758797] iteration       37/     250 | consumed samples:         9472 | elapsed time per iteration (ms): 24942.0 | throughput per GPU (TFLOP/s/GPU): 121.8 | tokens/sec/GPU: 2628 | learning rate: 3.000000E-04 | global batch size:   256 | lm loss: 7.503766E+00 | loss scale: 1.0 | grad norm: 2.303 | number of skipped iterations:   0 | number of nan iterations:   0 |
3: [default3]: [2026-05-15 20:20:44.042735] iteration       38/     250 | consumed samples:         9728 | elapsed time per iteration (ms): 22283.8 | throughput per GPU (TFLOP/s/GPU): 136.3 | tokens/sec/GPU: 2941 | learning rate: 3.000000E-04 | global batch size:   256 | lm loss: 7.389432E+00 | loss scale: 1.0 | grad norm: 2.017 | number of skipped iterations:   0 | number of nan iterations:   0 |
3: [default3]: [2026-05-15 20:21:10.069779] iteration       39/     250 | consumed samples:         9984 | elapsed time per iteration (ms): 26026.8 | throughput per GPU (TFLOP/s/GPU): 116.7 | tokens/sec/GPU: 2518 | learning rate: 3.000000E-04 | global batch size:   256 | lm loss: 7.439211E+00 | loss scale: 1.0 | grad norm: 2.367 | number of skipped iterations:   0 | number of nan iterations:   0 |
3: [default3]: [2026-05-15 20:21:32.313850] iteration       40/     250 | consumed samples:        10240 | elapsed time per iteration (ms): 22243.9 | throughput per GPU (TFLOP/s/GPU): 136.6 | tokens/sec/GPU: 2946 | learning rate: 3.000000E-04 | global batch size:   256 | lm loss: 7.328472E+00 | loss scale: 1.0 | grad norm: 1.633 | number of skipped iterations:   0 | number of nan iterations:   0 |
3: [default3]: [2026-05-15 20:21:49.995201] iteration       41/     250 | consumed samples:        10496 | elapsed time per iteration (ms): 17681.2 | throughput per GPU (TFLOP/s/GPU): 171.8 | tokens/sec/GPU: 3707 | learning rate: 3.000000E-04 | global batch size:   256 | lm loss: 7.394887E+00 | loss scale: 1.0 | grad norm: 3.274 | number of skipped iterations:   0 | number of nan iterations:   0 |
3: [default3]: [2026-05-15 20:22:14.547837] iteration       42/     250 | consumed samples:        10752 | elapsed time per iteration (ms): 24552.4 | throughput per GPU (TFLOP/s/GPU): 123.7 | tokens/sec/GPU: 2669 | learning rate: 3.000000E-04 | global batch size:   256 | lm loss: 7.302251E+00 | loss scale: 1.0 | grad norm: 2.285 | number of skipped iterations:   0 | number of nan iterations:   0 |
3: [default3]: [2026-05-15 20:22:37.875656] iteration       43/     250 | consumed samples:        11008 | elapsed time per iteration (ms): 23327.7 | throughput per GPU (TFLOP/s/GPU): 130.2 | tokens/sec/GPU: 2809 | learning rate: 3.000000E-04 | global batch size:   256 | lm loss: 7.288850E+00 | loss scale: 1.0 | grad norm: 2.076 | number of skipped iterations:   0 | number of nan iterations:   0 |
3: [default3]: [2026-05-15 20:23:02.810673] iteration       44/     250 | consumed samples:        11264 | elapsed time per iteration (ms): 24934.8 | throughput per GPU (TFLOP/s/GPU): 121.8 | tokens/sec/GPU: 2628 | learning rate: 3.000000E-04 | global batch size:   256 | lm loss: 7.289394E+00 | loss scale: 1.0 | grad norm: 2.219 | number of skipped iterations:   0 | number of nan iterations:   0 |
3: [default3]: [2026-05-15 20:23:26.559786] iteration       45/     250 | consumed samples:        11520 | elapsed time per iteration (ms): 23749.0 | throughput per GPU (TFLOP/s/GPU): 127.9 | tokens/sec/GPU: 2760 | learning rate: 3.000000E-04 | global batch size:   256 | lm loss: 7.188941E+00 | loss scale: 1.0 | grad norm: 3.134 | number of skipped iterations:   0 | number of nan iterations:   0 |
3: [default3]: [2026-05-15 20:23:47.385089] iteration       46/     250 | consumed samples:        11776 | elapsed time per iteration (ms): 20825.1 | throughput per GPU (TFLOP/s/GPU): 145.9 | tokens/sec/GPU: 3147 | learning rate: 3.000000E-04 | global batch size:   256 | lm loss: 7.181121E+00 | loss scale: 1.0 | grad norm: 1.857 | number of skipped iterations:   0 | number of nan iterations:   0 |
3: [default3]: [2026-05-15 20:24:10.209533] iteration       47/     250 | consumed samples:        12032 | elapsed time per iteration (ms): 22824.3 | throughput per GPU (TFLOP/s/GPU): 133.1 | tokens/sec/GPU: 2871 | learning rate: 3.000000E-04 | global batch size:   256 | lm loss: 7.201692E+00 | loss scale: 1.0 | grad norm: 1.850 | number of skipped iterations:   0 | number of nan iterations:   0 |
3: [default3]: [2026-05-15 20:24:34.409044] iteration       48/     250 | consumed samples:        12288 | elapsed time per iteration (ms): 24199.3 | throughput per GPU (TFLOP/s/GPU): 125.5 | tokens/sec/GPU: 2708 | learning rate: 3.000000E-04 | global batch size:   256 | lm loss: 7.117906E+00 | loss scale: 1.0 | grad norm: 2.057 | number of skipped iterations:   0 | number of nan iterations:   0 |
3: [default3]: [2026-05-15 20:24:57.343104] iteration       49/     250 | consumed samples:        12544 | elapsed time per iteration (ms): 22933.9 | throughput per GPU (TFLOP/s/GPU): 132.5 | tokens/sec/GPU: 2858 | learning rate: 3.000000E-04 | global batch size:   256 | lm loss: 7.125166E+00 | loss scale: 1.0 | grad norm: 2.877 | number of skipped iterations:   0 | number of nan iterations:   0 |
3: [default3]: [2026-05-15 20:25:18.982131] iteration       50/     250 | consumed samples:        12800 | elapsed time per iteration (ms): 21638.9 | throughput per GPU (TFLOP/s/GPU): 140.4 | tokens/sec/GPU: 3029 | learning rate: 3.000000E-04 | global batch size:   256 | lm loss: 7.117937E+00 | loss scale: 1.0 | grad norm: 1.998 | number of skipped iterations:   0 | number of nan iterations:   0 |
3: [default3]: [2026-05-15 20:25:44.004276] iteration       51/     250 | consumed samples:        13056 | elapsed time per iteration (ms): 25022.0 | throughput per GPU (TFLOP/s/GPU): 121.4 | tokens/sec/GPU: 2619 | learning rate: 3.000000E-04 | global batch size:   256 | lm loss: 7.157327E+00 | loss scale: 1.0 | grad norm: 5.530 | number of skipped iterations:   0 | number of nan iterations:   0 |
3: [default3]: [2026-05-15 20:26:05.935713] iteration       52/     250 | consumed samples:        13312 | elapsed time per iteration (ms): 21931.3 | throughput per GPU (TFLOP/s/GPU): 138.5 | tokens/sec/GPU: 2988 | learning rate: 3.000000E-04 | global batch size:   256 | lm loss: 7.065449E+00 | loss scale: 1.0 | grad norm: 2.056 | number of skipped iterations:   0 | number of nan iterations:   0 |
3: [default3]: [2026-05-15 20:26:29.268225] iteration       53/     250 | consumed samples:        13568 | elapsed time per iteration (ms): 23332.2 | throughput per GPU (TFLOP/s/GPU): 130.2 | tokens/sec/GPU: 2809 | learning rate: 3.000000E-04 | global batch size:   256 | lm loss: 7.071640E+00 | loss scale: 1.0 | grad norm: 2.393 | number of skipped iterations:   0 | number of nan iterations:   0 |
3: [default3]: [2026-05-15 20:26:49.445401] iteration       54/     250 | consumed samples:        13824 | elapsed time per iteration (ms): 20177.0 | throughput per GPU (TFLOP/s/GPU): 150.6 | tokens/sec/GPU: 3248 | learning rate: 3.000000E-04 | global batch size:   256 | lm loss: 6.960425E+00 | loss scale: 1.0 | grad norm: 1.890 | number of skipped iterations:   0 | number of nan iterations:   0 |
3: [default3]: [2026-05-15 20:27:08.139108] iteration       55/     250 | consumed samples:        14080 | elapsed time per iteration (ms): 18693.5 | throughput per GPU (TFLOP/s/GPU): 162.5 | tokens/sec/GPU: 3506 | learning rate: 3.000000E-04 | global batch size:   256 | lm loss: 7.090952E+00 | loss scale: 1.0 | grad norm: 8.756 | number of skipped iterations:   0 | number of nan iterations:   0 |
3: [default3]: [2026-05-15 20:27:27.276568] iteration       56/     250 | consumed samples:        14336 | elapsed time per iteration (ms): 19137.3 | throughput per GPU (TFLOP/s/GPU): 158.7 | tokens/sec/GPU: 3425 | learning rate: 3.000000E-04 | global batch size:   256 | lm loss: 7.108277E+00 | loss scale: 1.0 | grad norm: 4.804 | number of skipped iterations:   0 | number of nan iterations:   0 |
3: [default3]: [2026-05-15 20:27:47.518123] iteration       57/     250 | consumed samples:        14592 | elapsed time per iteration (ms): 20241.4 | throughput per GPU (TFLOP/s/GPU): 150.1 | tokens/sec/GPU: 3238 | learning rate: 3.000000E-04 | global batch size:   256 | lm loss: 6.925277E+00 | loss scale: 1.0 | grad norm: 2.782 | number of skipped iterations:   0 | number of nan iterations:   0 |
3: [default3]: [2026-05-15 20:28:06.947087] iteration       58/     250 | consumed samples:        14848 | elapsed time per iteration (ms): 19428.8 | throughput per GPU (TFLOP/s/GPU): 156.4 | tokens/sec/GPU: 3373 | learning rate: 3.000000E-04 | global batch size:   256 | lm loss: 6.902480E+00 | loss scale: 1.0 | grad norm: 2.369 | number of skipped iterations:   0 | number of nan iterations:   0 |
3: [default3]: [2026-05-15 20:28:27.966054] iteration       59/     250 | consumed samples:        15104 | elapsed time per iteration (ms): 21018.8 | throughput per GPU (TFLOP/s/GPU): 144.5 | tokens/sec/GPU: 3118 | learning rate: 3.000000E-04 | global batch size:   256 | lm loss: 6.890356E+00 | loss scale: 1.0 | grad norm: 4.032 | number of skipped iterations:   0 | number of nan iterations:   0 |
3: [default3]: [2026-05-15 20:28:49.634054] iteration       60/     250 | consumed samples:        15360 | elapsed time per iteration (ms): 21667.8 | throughput per GPU (TFLOP/s/GPU): 140.2 | tokens/sec/GPU: 3025 | learning rate: 3.000000E-04 | global batch size:   256 | lm loss: 6.878025E+00 | loss scale: 1.0 | grad norm: 4.320 | number of skipped iterations:   0 | number of nan iterations:   0 |
3: [default3]: [2026-05-15 20:29:13.287596] iteration       61/     250 | consumed samples:        15616 | elapsed time per iteration (ms): 23653.4 | throughput per GPU (TFLOP/s/GPU): 128.4 | tokens/sec/GPU: 2771 | learning rate: 3.000000E-04 | global batch size:   256 | lm loss: 6.867343E+00 | loss scale: 1.0 | grad norm: 3.127 | number of skipped iterations:   0 | number of nan iterations:   0 |
3: [default3]: [2026-05-15 20:29:37.336690] iteration       62/     250 | consumed samples:        15872 | elapsed time per iteration (ms): 24048.9 | throughput per GPU (TFLOP/s/GPU): 126.3 | tokens/sec/GPU: 2725 | learning rate: 3.000000E-04 | global batch size:   256 | lm loss: 6.828745E+00 | loss scale: 1.0 | grad norm: 1.957 | number of skipped iterations:   0 | number of nan iterations:   0 |
3: [default3]: [2026-05-15 20:30:01.248711] iteration       63/     250 | consumed samples:        16128 | elapsed time per iteration (ms): 23911.9 | throughput per GPU (TFLOP/s/GPU): 127.0 | tokens/sec/GPU: 2741 | learning rate: 3.000000E-04 | global batch size:   256 | lm loss: 6.706102E+00 | loss scale: 1.0 | grad norm: 3.330 | number of skipped iterations:   0 | number of nan iterations:   0 |
3: [default3]: [2026-05-15 20:30:25.722673] iteration       64/     250 | consumed samples:        16384 | elapsed time per iteration (ms): 24473.8 | throughput per GPU (TFLOP/s/GPU): 124.1 | tokens/sec/GPU: 2678 | learning rate: 3.000000E-04 | global batch size:   256 | lm loss: 6.770677E+00 | loss scale: 1.0 | grad norm: 1.833 | number of skipped iterations:   0 | number of nan iterations:   0 |
3: [default3]: [2026-05-15 20:30:54.909330] iteration       65/     250 | consumed samples:        16640 | elapsed time per iteration (ms): 29186.5 | throughput per GPU (TFLOP/s/GPU): 104.1 | tokens/sec/GPU: 2245 | learning rate: 3.000000E-04 | global batch size:   256 | lm loss: 6.729138E+00 | loss scale: 1.0 | grad norm: 4.316 | number of skipped iterations:   0 | number of nan iterations:   0 |
3: [default3]: [2026-05-15 20:31:23.398631] iteration       66/     250 | consumed samples:        16896 | elapsed time per iteration (ms): 28489.1 | throughput per GPU (TFLOP/s/GPU): 106.6 | tokens/sec/GPU: 2300 | learning rate: 3.000000E-04 | global batch size:   256 | lm loss: 6.765038E+00 | loss scale: 1.0 | grad norm: 3.626 | number of skipped iterations:   0 | number of nan iterations:   0 |
3: [default3]: [2026-05-15 20:31:49.373994] iteration       67/     250 | consumed samples:        17152 | elapsed time per iteration (ms): 25975.2 | throughput per GPU (TFLOP/s/GPU): 117.0 | tokens/sec/GPU: 2523 | learning rate: 3.000000E-04 | global batch size:   256 | lm loss: 6.702166E+00 | loss scale: 1.0 | grad norm: 2.440 | number of skipped iterations:   0 | number of nan iterations:   0 |
3: [default3]: [2026-05-15 20:32:12.310043] iteration       68/     250 | consumed samples:        17408 | elapsed time per iteration (ms): 22935.9 | throughput per GPU (TFLOP/s/GPU): 132.5 | tokens/sec/GPU: 2857 | learning rate: 3.000000E-04 | global batch size:   256 | lm loss: 6.752159E+00 | loss scale: 1.0 | grad norm: 5.182 | number of skipped iterations:   0 | number of nan iterations:   0 |
3: [default3]: [2026-05-15 20:32:33.027747] iteration       69/     250 | consumed samples:        17664 | elapsed time per iteration (ms): 20717.5 | throughput per GPU (TFLOP/s/GPU): 146.6 | tokens/sec/GPU: 3163 | learning rate: 3.000000E-04 | global batch size:   256 | lm loss: 6.601229E+00 | loss scale: 1.0 | grad norm: 2.097 | number of skipped iterations:   0 | number of nan iterations:   0 |
3: [default3]: [2026-05-15 20:32:57.652339] iteration       70/     250 | consumed samples:        17920 | elapsed time per iteration (ms): 24624.4 | throughput per GPU (TFLOP/s/GPU): 123.4 | tokens/sec/GPU: 2661 | learning rate: 3.000000E-04 | global batch size:   256 | lm loss: 6.577545E+00 | loss scale: 1.0 | grad norm: 2.206 | number of skipped iterations:   0 | number of nan iterations:   0 |
3: [default3]: [2026-05-15 20:33:24.636270] iteration       71/     250 | consumed samples:        18176 | elapsed time per iteration (ms): 26983.8 | throughput per GPU (TFLOP/s/GPU): 112.6 | tokens/sec/GPU: 2429 | learning rate: 3.000000E-04 | global batch size:   256 | lm loss: 6.606137E+00 | loss scale: 1.0 | grad norm: 3.972 | number of skipped iterations:   0 | number of nan iterations:   0 |
3: [default3]: [2026-05-15 20:33:46.604706] iteration       72/     250 | consumed samples:        18432 | elapsed time per iteration (ms): 21968.2 | throughput per GPU (TFLOP/s/GPU): 138.3 | tokens/sec/GPU: 2983 | learning rate: 3.000000E-04 | global batch size:   256 | lm loss: 6.567137E+00 | loss scale: 1.0 | grad norm: 2.648 | number of skipped iterations:   0 | number of nan iterations:   0 |
3: [default3]: [2026-05-15 20:34:09.131618] iteration       73/     250 | consumed samples:        18688 | elapsed time per iteration (ms): 22526.7 | throughput per GPU (TFLOP/s/GPU): 134.9 | tokens/sec/GPU: 2909 | learning rate: 3.000000E-04 | global batch size:   256 | lm loss: 6.557892E+00 | loss scale: 1.0 | grad norm: 2.423 | number of skipped iterations:   0 | number of nan iterations:   0 |
3: [default3]: [2026-05-15 20:34:30.584252] iteration       74/     250 | consumed samples:        18944 | elapsed time per iteration (ms): 21452.5 | throughput per GPU (TFLOP/s/GPU): 141.6 | tokens/sec/GPU: 3055 | learning rate: 3.000000E-04 | global batch size:   256 | lm loss: 6.516404E+00 | loss scale: 1.0 | grad norm: 1.983 | number of skipped iterations:   0 | number of nan iterations:   0 |
3: [default3]: [2026-05-15 20:34:48.898139] iteration       75/     250 | consumed samples:        19200 | elapsed time per iteration (ms): 18313.7 | throughput per GPU (TFLOP/s/GPU): 165.9 | tokens/sec/GPU: 3579 | learning rate: 3.000000E-04 | global batch size:   256 | lm loss: 6.479029E+00 | loss scale: 1.0 | grad norm: 3.104 | number of skipped iterations:   0 | number of nan iterations:   0 |
3: [default3]: [2026-05-15 20:35:11.788183] iteration       76/     250 | consumed samples:        19456 | elapsed time per iteration (ms): 22889.9 | throughput per GPU (TFLOP/s/GPU): 132.7 | tokens/sec/GPU: 2863 | learning rate: 3.000000E-04 | global batch size:   256 | lm loss: 6.500708E+00 | loss scale: 1.0 | grad norm: 2.726 | number of skipped iterations:   0 | number of nan iterations:   0 |
3: [default3]: [2026-05-15 20:35:35.235300] iteration       77/     250 | consumed samples:        19712 | elapsed time per iteration (ms): 23446.9 | throughput per GPU (TFLOP/s/GPU): 129.6 | tokens/sec/GPU: 2795 | learning rate: 3.000000E-04 | global batch size:   256 | lm loss: 6.523228E+00 | loss scale: 1.0 | grad norm: 2.867 | number of skipped iterations:   0 | number of nan iterations:   0 |
3: [default3]: [2026-05-15 20:35:54.594227] iteration       78/     250 | consumed samples:        19968 | elapsed time per iteration (ms): 19358.7 | throughput per GPU (TFLOP/s/GPU): 156.9 | tokens/sec/GPU: 3385 | learning rate: 3.000000E-04 | global batch size:   256 | lm loss: 6.359457E+00 | loss scale: 1.0 | grad norm: 2.087 | number of skipped iterations:   0 | number of nan iterations:   0 |
3: [default3]: [2026-05-15 20:36:15.755088] iteration       79/     250 | consumed samples:        20224 | elapsed time per iteration (ms): 21160.7 | throughput per GPU (TFLOP/s/GPU): 143.6 | tokens/sec/GPU: 3097 | learning rate: 3.000000E-04 | global batch size:   256 | lm loss: 6.416429E+00 | loss scale: 1.0 | grad norm: 1.750 | number of skipped iterations:   0 | number of nan iterations:   0 |
3: [default3]: [2026-05-15 20:36:39.179969] iteration       80/     250 | consumed samples:        20480 | elapsed time per iteration (ms): 23424.7 | throughput per GPU (TFLOP/s/GPU): 129.7 | tokens/sec/GPU: 2798 | learning rate: 3.000000E-04 | global batch size:   256 | lm loss: 6.453580E+00 | loss scale: 1.0 | grad norm: 3.504 | number of skipped iterations:   0 | number of nan iterations:   0 |
3: [default3]: [2026-05-15 20:37:02.779465] iteration       81/     250 | consumed samples:        20736 | elapsed time per iteration (ms): 23599.2 | throughput per GPU (TFLOP/s/GPU): 128.7 | tokens/sec/GPU: 2777 | learning rate: 3.000000E-04 | global batch size:   256 | lm loss: 6.424164E+00 | loss scale: 1.0 | grad norm: 2.344 | number of skipped iterations:   0 | number of nan iterations:   0 |
3: [default3]: [2026-05-15 20:37:29.761275] iteration       82/     250 | consumed samples:        20992 | elapsed time per iteration (ms): 26981.6 | throughput per GPU (TFLOP/s/GPU): 112.6 | tokens/sec/GPU: 2429 | learning rate: 3.000000E-04 | global batch size:   256 | lm loss: 6.452866E+00 | loss scale: 1.0 | grad norm: 1.754 | number of skipped iterations:   0 | number of nan iterations:   0 |
3: [default3]: [2026-05-15 20:37:52.909514] iteration       83/     250 | consumed samples:        21248 | elapsed time per iteration (ms): 23148.0 | throughput per GPU (TFLOP/s/GPU): 131.2 | tokens/sec/GPU: 2831 | learning rate: 3.000000E-04 | global batch size:   256 | lm loss: 6.376348E+00 | loss scale: 1.0 | grad norm: 2.106 | number of skipped iterations:   0 | number of nan iterations:   0 |
3: [default3]: [2026-05-15 20:38:14.858908] iteration       84/     250 | consumed samples:        21504 | elapsed time per iteration (ms): 21949.1 | throughput per GPU (TFLOP/s/GPU): 138.4 | tokens/sec/GPU: 2986 | learning rate: 3.000000E-04 | global batch size:   256 | lm loss: 6.373324E+00 | loss scale: 1.0 | grad norm: 2.380 | number of skipped iterations:   0 | number of nan iterations:   0 |
3: [default3]: [2026-05-15 20:38:41.072524] iteration       85/     250 | consumed samples:        21760 | elapsed time per iteration (ms): 26213.4 | throughput per GPU (TFLOP/s/GPU): 115.9 | tokens/sec/GPU: 2500 | learning rate: 3.000000E-04 | global batch size:   256 | lm loss: 6.363893E+00 | loss scale: 1.0 | grad norm: 1.987 | number of skipped iterations:   0 | number of nan iterations:   0 |
srun: Job step aborted: Waiting up to 32 seconds for job step to finish.
0: slurmstepd: error: *** STEP 2254829.0 ON nid006693 CANCELLED AT 2026-05-15T20:39:01 DUE TO TIME LIMIT ***
slurmstepd: error: *** JOB 2254829 ON nid006693 CANCELLED AT 2026-05-15T20:39:01 DUE TO TIME LIMIT ***
3: W0515 20:39:01.006000 59344 torch/distributed/elastic/agent/server/api.py:739] Received 15 death signal, shutting down workers
1: W0515 20:39:01.006000 22865 torch/distributed/elastic/agent/server/api.py:739] Received 15 death signal, shutting down workers
2: W0515 20:39:01.006000 268395 torch/distributed/elastic/agent/server/api.py:739] Received 15 death signal, shutting down workers
3: W0515 20:39:01.007000 59344 torch/distributed/elastic/multiprocessing/api.py:1010] Sending process 59740 closing signal SIGTERM
1: W0515 20:39:01.007000 22865 torch/distributed/elastic/multiprocessing/api.py:1010] Sending process 23264 closing signal SIGTERM
2: W0515 20:39:01.008000 268395 torch/distributed/elastic/multiprocessing/api.py:1010] Sending process 268891 closing signal SIGTERM
0: W0515 20:39:01.007000 234116 torch/distributed/elastic/agent/server/api.py:739] Received 15 death signal, shutting down workers
0: W0515 20:39:01.008000 234116 torch/distributed/elastic/multiprocessing/api.py:1010] Sending process 234556 closing signal SIGTERM
3: W0515 20:39:01.010000 59344 torch/distributed/elastic/multiprocessing/api.py:1010] Sending process 59741 closing signal SIGTERM
1: W0515 20:39:01.010000 22865 torch/distributed/elastic/multiprocessing/api.py:1010] Sending process 23265 closing signal SIGTERM
0: W0515 20:39:01.011000 234116 torch/distributed/elastic/multiprocessing/api.py:1010] Sending process 234557 closing signal SIGTERM
2: W0515 20:39:01.011000 268395 torch/distributed/elastic/multiprocessing/api.py:1010] Sending process 268892 closing signal SIGTERM
2: W0515 20:39:01.012000 268395 torch/distributed/elastic/multiprocessing/api.py:1010] Sending process 268893 closing signal SIGTERM
0: W0515 20:39:01.014000 234116 torch/distributed/elastic/multiprocessing/api.py:1010] Sending process 234558 closing signal SIGTERM
3: W0515 20:39:01.014000 59344 torch/distributed/elastic/multiprocessing/api.py:1010] Sending process 59742 closing signal SIGTERM
1: W0515 20:39:01.013000 22865 torch/distributed/elastic/multiprocessing/api.py:1010] Sending process 23266 closing signal SIGTERM
0: W0515 20:39:01.017000 234116 torch/distributed/elastic/multiprocessing/api.py:1010] Sending process 234559 closing signal SIGTERM
1: W0515 20:39:01.018000 22865 torch/distributed/elastic/multiprocessing/api.py:1010] Sending process 23264 closing signal SIGTERM
1: [default0]:Stack (most recent call first):
1: [default0]:  File "/users/course_00306/Project/large-whale-ai/Megatron-LM/megatron/training/utils.py", line 687 in _broadcast_cu_seqlens
1: [default0]:  File "/users/course_00306/Project/large-whale-ai/Megatron-LM/megatron/training/utils.py", line 703 in get_batch_on_this_tp_rank
1: [default0]:  File "/users/course_00306/Project/large-whale-ai/Megatron-LM/pretrain_gpt.py", line 75 in get_batch
1: [default0]:  File "/users/course_00306/Project/large-whale-ai/Megatron-LM/pretrain_gpt.py", line 182 in forward_step
1: [default0]:  File "/users/course_00306/Project/large-whale-ai/Megatron-LM/megatron/core/pipeline_parallel/schedules.py", line 423 in forward_step
1: [default0]:  File "/users/course_00306/Project/large-whale-ai/Megatron-LM/megatron/core/pipeline_parallel/schedules.py", line 636 in forward_backward_no_pipelining
1: [default0]:  File "/users/course_00306/Project/large-whale-ai/Megatron-LM/megatron/training/training.py", line 1652 in train_step
1: [default0]:  File "/users/course_
3: W0515 20:39:01.019000 59344 torch/distributed/elastic/multiprocessing/api.py:1010] Sending process 59740 closing signal SIGTERM
3: W0515 20:39:01.022000 59344 torch/distributed/elastic/multiprocessing/api.py:1010] Sending process 59741 closing signal SIGTERM
1: 00306/Project/large-whale-ai/Megatron-LM/megatron/training/training.py", line 2801 in train
1: [default0]:  File "/users/course_00306/Project/large-whale-ai/Megatron-LM/megatron/training/training.py", line 1031 in pretrain
1: [default0]:  File "/users/course_00306/Project/large-whale-ai/Megatron-LM/pretrain_gpt.py", line 342 in <module>
1: W0515 20:39:01.021000 22865 torch/distributed/elastic/multiprocessing/api.py:1010] Sending process 23265 closing signal SIGTERM
0: W0515 20:39:01.024000 234116 torch/distributed/elastic/multiprocessing/api.py:1010] Sending process 234557 closing signal SIGTERM
0: W0515 20:39:01.026000 234116 torch/distributed/elastic/multiprocessing/api.py:1010] Sending process 234558 closing signal SIGTERM
2: W0515 20:39:01.016000 268395 torch/distributed/elastic/multiprocessing/api.py:1010] Sending process 268894 closing signal SIGTERM
1: W0515 20:39:01.022000 22865 torch/distributed/elastic/multiprocessing/api.py:1010] Sending process 23266 closing signal SIGTERM
3: W0515 20:39:01.022000 59344 torch/distributed/elastic/multiprocessing/api.py:1010] Sending process 59742 closing signal SIGTERM
0: W0515 20:39:01.026000 234116 torch/distributed/elastic/multiprocessing/api.py:1010] Sending process 234559 closing signal SIGTERM
2: W0515 20:39:01.027000 268395 torch/distributed/elastic/multiprocessing/api.py:1010] Sending process 268892 closing signal SIGTERM
1: W0515 20:39:01.022000 22865 torch/distributed/elastic/multiprocessing/api.py:1010] Sending process 23267 closing signal SIGTERM
3: W0515 20:39:01.022000 59344 torch/distributed/elastic/multiprocessing/api.py:1010] Sending process 59743 closing signal SIGTERM
2: W0515 20:39:01.027000 268395 torch/distributed/elastic/multiprocessing/api.py:1010] Sending process 268893 closing signal SIGTERM
3: [default2]:Stack (most recent call first):
2: W0515 20:39:01.027000 268395 torch/distributed/elastic/multiprocessing/api.py:1010] Sending process 268894 closing signal SIGTERM
3: [default2]:  File "/users/course_00306/Project/large-whale-ai/Megatron-LM/megatron/training/utils.py", line 687 in _broadcast_cu_seqlens
3: [default1]:Stack (most recent call first):
2: [default2]:Stack (most recent call first):
3: [default1]:  File "/users/course_00306/Project/large-whale-ai/Megatron-LM/megatron/training/utils.py", line 687 in _broadcast_cu_seqlens
3: [default3]:Stack (most recent call first):
2: [default2]:  File "/users/course_00306/Project/large-whale-ai/Megatron-LM/megatron/training/utils.py", line 687 in _broadcast_cu_seqlens
3: [default3]:  File "/users/course_00306/Project/large-whale-ai/Megatron-LM/megatron/training/utils.py", line 687 in _broadcast_cu_seqlens
2: [default2]:  File "/users/course_00306/Project/large-whale-ai/Megatron-LM/megatron/training/utils.py", line 703 in get_batch_on_this_tp_rank
3: [default1]:  File "/users/course_00306/Project/large-whale-ai/Megatron-LM/megatron/training/utils.py", line 703 in get_batch_on_this_tp_rank
2: [default2]:  File "/users/course_00306/Project/large-whale-ai/Megatron-LM/pretrain_gpt.py", line 75 in get_batch
2: [default2]:  File "/users/course_00306/Project/large-whale-ai/Megatron-LM/pretrain_gpt.py", line 182 in forward_step
2: [default2]:  File "/users/course_00306/Project/large-whale-ai/Megatron-LM/megatron/core/pipeline_parallel/schedules.py", line 423 in forward_step
3: [default3]:  File "/users/course_00306/Project/large-whale-ai/Megatron-LM/megatron/training/utils.py", line 703 in get_batch_on_this_tp_rank
2: [default2]:  File "/users/course_00306/Project/large-whale-ai/Megatron-LM/megatron/core/pipeline_parallel/schedules.py", line 636 in forward_backward_no_pipelining
2: [default2]:  File "/users/course_00306/Project/large-whale-ai/Megatron-LM/megatron/training/training.py", line 1652 in train_step
2: [default2]:  File "/users/course_00306/Project/large-whale-ai/Megatron-LM/megatron/training/training.py", line 2801 in train
2: [default2]:  File "/users/course_00306/Project/large-whale-ai/Megatron-LM/megatron/training/training.py", line 1031 in pretrain
2: [default2]:  File "/users/course_00306/Project/large-whale-ai/Megatron-LM/pretrain_gpt.py", line 342 in <module>
3: [default3]:  File "/users/course_00306/Project/large-whale-ai/Megatron-LM/pretrain_gpt.py", line 75 in get_batch
3: [default1]:  File "/users/course_00306/Project/large-whale-ai/Megatron-LM/pretrain_gpt.py", line 75 in get_batch
3: [default1]:  File "/users/course_00306/Project/large-whale-ai/Megatron-LM/pretrain_gpt.py", line 182 in forward_step
2: [default0]:Stack (most recent call first):
2: [default0]:  File "/usr/lib/python3.12/threading.py", line 359 in wait
2: [default0]:  File "/usr/lib/python3.12/queue.py", line 180 in get
3: [default3]:  File "/users/course_00306/Project/large-whale-ai/Megatron-LM/pretrain_gpt.py", line 182 in forward_step
3: [default0]:Stack (most recent call first):
2: [default0]:  File "/usr/local/lib/python3.12/dist-packages/torch/utils/data/dataloader.py", line 1308 in _try_get_data
2: [default0]:  File "/usr/local/lib/python3.12/dist-packages/torch/utils/data/dataloader.py", line 1467 in _get_data
3: [default0]:  File "/users/course_00306/Project/large-whale-ai/Megatron-LM/megatron/training/utils.py", line 687 in _broadcast_cu_seqlens
2: [default0]:  File "/usr/local/lib/python3.12/dist-packages/torch/utils/data/dataloader.py", line 1518 in _next_data
2: [default0]:  File "/usr/local/lib/python3.12/dist-packages/torch/utils/data/dataloader.py", line 740 in __next__
2: [default0]:  File "/users/course_00306/Project/large-whale-ai/Megatron-LM/megatron/core/rerun_state_machine.py", line 1124 in __next__
2: [default0]:  File "/users/course_00306/Project/large-whale-ai/Megatron-LM/megatron/training/utils.py", line 532 in get_batch_on_this_tp_rank
2: [default0]:  File "/users/course_00306/Project/large-whale-ai/Megatron-LM/pretrain_gpt.py", line 75 in get_batch
2: [default0]:  File "/users/course_00306/Project/large-whale-ai/Megatron-LM/pretrain_gpt.py", line 182 in forward_step
3: [default1]:  File "/users/course_00306/Project/large-whale-ai/Megatron-LM/megatron/core/pipeline_parallel/schedules.py", line 423 in forward_step
2: [default0]:  File "/users/course_00306/Project/large-whale-ai/Megatron-LM/megatron/core/pipeline_parallel/schedules.py", line 423 in forward_step
2: [default0]:  File "/users/course_00306/Project/large-whale-ai/Megatron-LM/megatron/core/pipeline_parallel/schedules.py", line 636 in forward_backward_no_pipelining
2: [default0]:  File "/users/course_00306/Project/large-whale-ai/Megatron-LM/megatron/training/training.py", line 1652 in train_step
2: [default0]:  File "/users/course_00306/Project/large-whale-ai/Megatron-LM/megatron/training/training.py", line 2801 in train
3: [default2]:  File "/users/course_00306/Project/large-whale-ai/Megatron-LM/megatron/training/utils.py", line 703 in get_batch_on_this_tp_rank
2: [default0]:  File "/users/course_00306/Project/large-whale-ai/Megatron-LM/megatron/training/training.py", line 1031 in pretrain
2: [default0]:  File "/users/course_00306/Project/large-whale-ai/Megatron-LM/pretrain_gpt.py", line 342 in <module>
3: [default3]:  File "/users/course_00306/Project/large-whale-ai/Megatron-LM/megatron/core/pipeline_parallel/schedules.py", line 423 in forward_step
3: [default1]:  File "/users/course_00306/Project/large-whale-ai/Megatron-LM/megatron/core/pipeline_parallel/schedules.py", line 636 in forward_backward_no_pipelining
3: [default0]:  File "/users/course_00306/Project/large-whale-ai/Megatron-LM/megatron/training/utils.py", line 703 in get_batch_on_this_tp_rank
3: [default3]:  File "/users/course_00306/Project/large-whale-ai/Megatron-LM/megatron/core/pipeline_parallel/schedules.py", line 636 in forward_backward_no_pipelining
3: [default1]:  File "/users/course_00306/Project/large-whale-ai/Megatron-LM/megatron/training/training.py", line 1652 in train_step
3: [default0]:  File "/users/course_00306/Project/large-whale-ai/Megatron-LM/pretrain_gpt.py", line 75 in get_batch
3: [default3]:  File "/users/course_00306/Project/large-whale-ai/Megatron-LM/megatron/training/training.py", line 1652 in train_step
3: [default1]:  File "/users/course_00306/Project/large-whale-ai/Megatron-LM/megatron/training/training.py", line 2801 in train
3: [default0]:  File "/users/course_00306/Project/large-whale-ai/Megatron-LM/pretrain_gpt.py", line 182 in forward_step
3: [default2]:  File "/users/course_00306/Project/large-whale-ai/Megatron-LM/pretrain_gpt.py", line 75 in get_batch
3: [default1]:  File "/users/course_00306/Project/large-whale-ai/Megatron-LM/megatron/training/training.py", line 1031 in pretrain
3: [default3]:  File "/users/course_00306/Project/large-whale-ai/Megatron-LM/megatron/training/training.py", line 2801 in train
3: [default0]:  File "/users/course_00306/Project/large-whale-ai/Megatron-LM/megatron/core/pipeline_parallel/schedules.py", line 423 in forward_step
3: [default1]:  File "/users/course_00306/Project/large-whale-ai/Megatron-LM/pretrain_gpt.py", line 342 in <module>
3: [default2]:  File "/users/course_00306/Project/large-whale-ai/Megatron-LM/pretrain_gpt.py", line 182 in forward_step
3: [default3]:  File "/users/course_00306/Project/large-whale-ai/Megatron-LM/megatron/training/training.py", line 1031 in pretrain
3: [default0]:  File "/users/course_00306/Project/large-whale-ai/Megatron-LM/megatron/core/pipeline_parallel/schedules.py", line 636 in forward_backward_no_pipelining
3: [default2]:  File "/users/course_00306/Project/large-whale-ai/Megatron-LM/megatron/core/pipeline_parallel/schedules.py", line 423 in forward_step
3: [default3]:  File "/users/course_00306/Project/large-whale-ai/Megatron-LM/pretrain_gpt.py", line 342 in <module>
3: [default2]:  File "/users/course_00306/Project/large-whale-ai/Megatron-LM/megatron/core/pipeline_parallel/schedules.py", line 636 in forward_backward_no_pipelining
3: [default2]:  File "/users/course_00306/Project/large-whale-ai/Megatron-LM/megatron/training/training.py", line 1652 in train_step
3: [default2]:  File "/users/course_00306/Project/large-whale-ai/Megatron-LM/megatron/training/training.py", line 2801 in train
3: [default2]:  File "/users/course_00306/Project/large-whale-ai/Megatron-LM/megatron/training/training.py", line 1031 in pretrain
3: [default2]:  File "/users/course_00306/Project/large-whale-ai/Megatron-LM/pretrain_gpt.py", line 342 in <module>
3: [default0]:  File "/users/course_00306/Project/large-whale-ai/Megatron-LM/megatron/training/training.py", line 1652 in train_step
3: [default0]:  File "/users/course_00306/Project/large-whale-ai/Megatron-LM/megatron/training/training.py", line 2801 in train
3: [default0]:  File "/users/course_00306/Project/large-whale-ai/Megatron-LM/megatron/training/training.py", line 1031 in pretrain
3: [default0]:  File "/users/course_00306/Project/large-whale-ai/Megatron-LM/pretrain_gpt.py", line 342 in <module>
1: [default1]:Stack (most recent call first):
1: [default1]:  File "/users/course_00306/Project/large-whale-ai/Megatron-LM/megatron/training/utils.py", line 687 in _broadcast_cu_seqlens
1: [default1]:  File "/users/course_00306/Project/large-whale-ai/Megatron-LM/megatron/training/utils.py", line 703 in get_batch_on_this_tp_rank
1: [default1]:  File "/users/course_00306/Project/large-whale-ai/Megatron-LM/pretrain_gpt.py", line 75 in get_batch
1: [default1]:  File "/users/course_00306/Project/large-whale-ai/Megatron-LM/pretrain_gpt.py", line 182 in forward_step
1: [default1]:  File "/users/course_00306/Project/large-whale-ai/Megatron-LM/megatron/core/pipeline_parallel/schedules.py", line 423 in forward_step
1: [default1]:  File "/users/course_00306/Project/large-whale-ai/Megatron-LM/megatron/core/pipeline_parallel/schedules.py", line 636 in forward_backward_no_pipelining
1: [default1]:  File "/users/course_00306/Project/large-whale-ai/Megatron-LM/megatron/training/training.py", line 1652 in train_step
1: [default1]:  File "/users/course_00306/Project/large-whale-ai/Megatron-LM/megatron/training/training.py", line 2801 in train
1: [default1]:  File "/users/course_00306/Project/large-whale-ai/Megatron-LM/megatron/training/training.py", line 1031 in pretrain
1: [default1]:  File "/users/course_00306/Project/large-whale-ai/Megatron-LM/pretrain_gpt.py", line 342 in <module>
2: [default3]:Stack (most recent call first):
2: [default3]:  File "/users/course_00306/Project/large-whale-ai/Megatron-LM/megatron/training/utils.py", line 687 in _broadcast_cu_seqlens
2: [default3]:  File "/users/course_00306/Project/large-whale-ai/Megatron-LM/megatron/training/utils.py", line 703 in get_batch_on_this_tp_rank
2: [default3]:  File "/users/course_00306/Project/large-whale-ai/Megatron-LM/pretrain_gpt.py", line 75 in get_batch
2: [default3]:  File "/users/course_00306/Project/large-whale-ai/Megatron-LM/pretrain_gpt.py", line 182 in forward_step
2: [default3]:  File "/users/course_00306/Project/large-whale-ai/Megatron-LM/megatron/core/pipeline_parallel/schedules.py", line 423 in forward_step
2: [default3]:  File "/users/course_00306/Project/large-whale-ai/Megatron-LM/megatron/core/pipeline_parallel/schedules.py", line 636 in forward_backward_no_pipelining
2: [default3]:  File "/users/course_00306/Project/large-whale-ai/Megatron-LM/megatron/training/training.py", line 1652 in train_step
2: [default3]:  File "/users/course_00306/Project/large-whale-ai/Megatron-LM/megatron/training/training.py", line 2801 in train
2: [default3]:  File "/users/course_00306/Project/large-whale-ai/Megatron-LM/megatron/training/training.py", line 1031 in pretrain
2: [default3]:  File "/users/course_00306/Project/large-whale-ai/Megatron-LM/pretrain_gpt.py", line 342 in <module>
2: [default1]:Stack (most recent call first):
2: [default1]:  File "/users/course_00306/Project/large-whale-ai/Megatron-LM/megatron/training/utils.py", line 687 in _broadcast_cu_seqlens
2: [default1]:  File "/users/course_00306/Project/large-whale-ai/Megatron-LM/megatron/training/utils.py", line 703 in get_batch_on_this_tp_rank
2: [default1]:  File "/users/course_00306/Project/large-whale-ai/Megatron-LM/pretrain_gpt.py", line 75 in get_batch
2: [default1]:  File "/users/course_00306/Project/large-whale-ai/Megatron-LM/pretrain_gpt.py", line 182 in forward_step
2: [default1]:  File "/users/course_00306/Project/large-whale-ai/Megatron-LM/megatron/core/pipeline_parallel/schedules.py", line 423 in forward_step
2: [default1]:  File "/users/course_00306/Project/large-whale-ai/Megatron-LM/megatron/core/pipeline_parallel/schedules.py", line 636 in forward_backward_no_pipelining
2: [default1]:  File "/users/course_00306/Project/large-whale-ai/Megatron-LM/megatron/training/training.py", line 1652 in train_step
2: [default1]:  File "/users/course_00306/Project/large-whale-ai/Megatron-LM/megatron/training/training.py", line 2801 in train
2: [default1]:  File "/users/course_00306/Project/large-whale-ai/Megatron-LM/megatron/training/training.py", line 1031 in pretrain
2: [default1]:  File "/users/course_00306/Project/large-whale-ai/Megatron-LM/pretrain_gpt.py", line 342 in <module>
0: [default2]:Stack (most recent call first):
0: [default0]:Stack (most recent call first):
0: [default2]:  File "/users/course_00306/Project/large-whale-ai/Megatron-LM/megatron/training/utils.py", line 687 in _broadcast_cu_seqlens
0: [default2]:  File "/users/course_00306/Project/large-whale-ai/Megatron-LM/megatron/training/utils.py", line 703 in get_batch_on_this_tp_rank
0: [default0]:  File "/usr/lib/python3.12/threading.py", line 359 in wait
0: [default1]:Stack (most recent call first):
0: [default1]:  File "/users/course_00306/Project/large-whale-ai/Megatron-LM/megatron/training/utils.py", line 687 in _broadcast_cu_seqlens
0: [default0]:  File "/usr/lib/python3.12/queue.py", line 180 in get
0: [default2]:  File "/users/course_00306/Project/large-whale-ai/Megatron-LM/pretrain_gpt.py", line 75 in get_batch
0: [default2]:  File "/users/course_00306/Project/large-whale-ai/Megatron-LM/pretrain_gpt.py", line 182 in forward_step
0: [default3]:Stack (most recent call first):
0: [default0]:  File "/usr/local/lib/python3.12/dist-packages/torch/utils/data/dataloader.py", line 1308 in _try_get_data
0: [default0]:  File "/usr/local/lib/python3.12/dist-packages/torch/utils/data/dataloader.py", line 1467 in _get_data
0: [default1]:  File "/users/course_00306/Project/large-whale-ai/Megatron-LM/megatron/training/utils.py", line 703 in get_batch_on_this_tp_rank
0: [default2]:  File "/users/course_00306/Project/large-whale-ai/Megatron-LM/megatron/core/pipeline_parallel/schedules.py", line 423 in forward_step
0: [default0]:  File "/usr/local/lib/python3.12/dist-packages/torch/utils/data/dataloader.py", line 1518 in _next_data
0: [default1]:  File "/users/course_00306/Project/large-whale-ai/Megatron-LM/pretrain_gpt.py", line 75 in get_batch
0: [default0]:  File "/usr/local/lib/python3.12/dist-packages/torch/utils/data/dataloader.py", line 740 in __next__
0: [default3]:  File "/users/course_00306/Project/large-whale-ai/Megatron-LM/megatron/training/utils.py", line 687 in _broadcast_cu_seqlens
0: [default3]:  File "/users/course_00306/Project/large-whale-ai/Megatron-LM/megatron/training/utils.py", line 703 in get_batch_on_this_tp_rank
0: [default0]:  File "/users/course_00306/Project/large-whale-ai/Megatron-LM/megatron/core/rerun_state_machine.py", line 1124 in __next__
0: [default2]:  File "/users/course_00306/Project/large-whale-ai/Megatron-LM/megatron/core/pipeline_parallel/schedules.py", line 636 in forward_backward_no_pipelining
0: [default2]:  File "/users/course_00306/Project/large-whale-ai/Megatron-LM/megatron/training/training.py", line 1652 in train_step
0: [default1]:  File "/users/course_00306/Project/large-whale-ai/Megatron-LM/pretrain_gpt.py", line 182 in forward_step
0: [default3]:  File "/users/course_00306/Project/large-whale-ai/Megatron-LM/pretrain_gpt.py", line 75 in get_batch
0: [default2]:  File "/users/course_00306/Project/large-whale-ai/Megatron-LM/megatron/training/training.py", line 2801 in train
0: [default2]:  File "/users/course_00306/Project/large-whale-ai/Megatron-LM/megatron/training/training.py", line 1031 in pretrain
0: [default1]:  File "/users/course_00306/Project/large-whale-ai/Megatron-LM/megatron/core/pipeline_parallel/schedules.py", line 423 in forward_step
0: [default3]:  File "/users/course_00306/Project/large-whale-ai/Megatron-LM/pretrain_gpt.py", line 182 in forward_step
0: [default3]:  File "/users/course_00306/Project/large-whale-ai/Megatron-LM/megatron/core/pipeline_parallel/schedules.py", line 423 in forward_step
0: [default0]:  File "/users/course_00306/Project/large-whale-ai/Megatron-LM/megatron/training/utils.py", line 532 in get_batch_on_this_tp_rank
0: [default1]:  File "/users/course_00306/Project/large-whale-ai/Megatron-LM/megatron/core/pipeline_parallel/schedules.py", line 636 in forward_backward_no_pipelining
0: [default2]:  File "/users/course_00306/Project/large-whale-ai/Megatron-LM/pretrain_gpt.py", line 342 in <module>
0: [default3]:  File "/users/course_00306/Project/large-whale-ai/Megatron-LM/megatron/core/pipeline_parallel/schedules.py", line 636 in forward_backward_no_pipelining
0: [default1]:  File "/users/course_00306/Project/large-whale-ai/Megatron-LM/megatron/training/training.py", line 1652 in train_step
0: [default0]:  File "/users/course_00306/Project/large-whale-ai/Megatron-LM/pretrain_gpt.py", line 75 in get_batch
0: [default3]:  File "/users/course_00306/Project/large-whale-ai/Megatron-LM/megatron/training/training.py", line 1652 in train_step
0: [default0]:  File "/users/course_00306/Project/large-whale-ai/Megatron-LM/pretrain_gpt.py", line 182 in forward_step
0: [default1]:  File "/users/course_00306/Project/large-whale-ai/Megatron-LM/megatron/training/training.py", line 2801 in train
0: [default0]:  File "/users/course_00306/Project/large-whale-ai/Megatron-LM/megatron/core/pipeline_parallel/schedules.py", line 423 in forward_step
0: [default1]:  File "/users/course_00306/Project/large-whale-ai/Megatron-LM/megatron/training/training.py", line 1031 in pretrain
0: [default0]:  File "/users/course_00306/Project/large-whale-ai/Megatron-LM/megatron/core/pipeline_parallel/schedules.py", line 636 in forward_backward_no_pipelining
0: [default1]:  File "/users/course_00306/Project/large-whale-ai/Megatron-LM/pretrain_gpt.py", line 342 in <module>
0: [default3]:  File "/users/course_00306/Project/large-whale-ai/Megatron-LM/megatron/training/training.py", line 2801 in train
0: [default0]:  File "/users/course_00306/Project/large-whale-ai/Megatron-LM/megatron/training/training.py", line 1652 in train_step
0: [default0]:  File "/users/course_00306/Project/large-whale-ai/Megatron-LM/megatron/training/training.py", line 2801 in train
0: [default3]:  File "/users/course_00306/Project/large-whale-ai/Megatron-LM/megatron/training/training.py", line 1031 in pretrain
0: [default3]:  File "/users/course_00306/Project/large-whale-ai/Megatron-LM/pretrain_gpt.py", line 342 in <module>
0: [default0]:  File "/users/course_00306/Project/large-whale-ai/Megatron-LM/megatron/training/training.py", line 1031 in pretrain
0: [default0]:  File "/users/course_00306/Project/large-whale-ai/Megatron-LM/pretrain_gpt.py", line 342 in <module>
1: [default2]:Stack (most recent call first):
1: [default2]:  File "/users/course_00306/Project/large-whale-ai/Megatron-LM/megatron/training/utils.py", line 687 in _broadcast_cu_seqlens
1: [default2]:  File "/users/course_00306/Project/large-whale-ai/Megatron-LM/megatron/training/utils.py", line 703 in get_batch_on_this_tp_rank
1: [default2]:  File "/users/course_00306/Project/large-whale-ai/Megatron-LM/pretrain_gpt.py", line 75 in get_batch
1: [default2]:  File "/users/course_00306/Project/large-whale-ai/Megatron-LM/pretrain_gpt.py", line 182 in forward_step
1: [default2]:  File "/users/course_00306/Project/large-whale-ai/Megatron-LM/megatron/core/pipeline_parallel/schedules.py", line 423 in forward_step
1: [default2]:  File "/users/course_00306/Project/large-whale-ai/Megatron-LM/megatron/core/pipeline_parallel/schedules.py", line 636 in forward_backward_no_pipelining
1: [default2]:  File "/users/course_00306/Project/large-whale-ai/Megatron-LM/megatron/training/training.py", line 1652 in train_step
1: [default2]:  File "/users/course_00306/Project/large-whale-ai/Megatron-LM/megatron/training/training.py", line 2801 in train
1: [default2]:  File "/users/course_00306/Project/large-whale-ai/Megatron-LM/megatron/training/training.py", line 1031 in pretrain
1: [default2]:  File "/users/course_00306/Project/large-whale-ai/Megatron-LM/pretrain_gpt.py", line 342 in <module>
1: [default3]:Stack (most recent call first):
1: [default3]:  File "/users/course_00306/Project/large-whale-ai/Megatron-LM/megatron/training/utils.py", line 687 in _broadcast_cu_seqlens
1: [default3]:  File "/users/course_00306/Project/large-whale-ai/Megatron-LM/megatron/training/utils.py", line 703 in get_batch_on_this_tp_rank
1: [default3]:  File "/users/course_00306/Project/large-whale-ai/Megatron-LM/pretrain_gpt.py", line 75 in get_batch
1: [default3]:  File "/users/course_00306/Project/large-whale-ai/Megatron-LM/pretrain_gpt.py", line 182 in forward_step
1: [default3]:  File "/users/course_00306/Project/large-whale-ai/Megatron-LM/megatron/core/pipeline_parallel/schedules.py", line 423 in forward_step
1: [default3]:  File "/users/course_00306/Project/large-whale-ai/Megatron-LM/megatron/core/pipeline_parallel/schedules.py", line 636 in forward_backward_no_pipelining
1: [default3]:  File "/users/course_00306/Project/large-whale-ai/Megatron-LM/megatron/training/training.py", line 1652 in train_step
1: [default3]:  File "/users/course_00306/Project/large-whale-ai/Megatron-LM/megatron/training/training.py", line 2801 in train
1: [default3]:  File "/users/course_00306/Project/large-whale-ai/Megatron-LM/megatron/training/training.py", line 1031 in pretrain
1: [default3]:  File "/users/course_00306/Project/large-whale-ai/Megatron-LM/pretrain_gpt.py", line 342 in <module>
